"File Path: C:\Users\chts4244\Desktop\Test Run 1 03-19-19 10 18 26 AM\DAQ- Crosshead, … - (Timed).csv   "
"Test: MTS EM Tension (ASEN 1022 Extensometer) 10"
"Test Run: Test Run 1"
"Date: 3/19/2019 10:15:59 AM"
""
""
"Crosshead ","Load ","Time ","Extensometer "
"in","lbf","sec","in"
"0.000879310076509962","227.725806205432","0.248000234365463","7.31454444869846E-05"
"0.00142096501718253","275.057913142182","0.348000168800354","0.00011329872697073"
"0.00194620622819708","322.008267490131","0.448000103235245","0.0001482332778309"
"0.00245503356632608","368.535074324921","0.548000037670136","0.000180910401969578"
"0.00296386104768259","413.87801179871","0.647999942302704","0.000209168653001809"
"0.00347268852903911","460.119828292425","0.748000204563141","0.000235685293293901"
"0.00397917108956768","504.262815101421","0.848000168800354","0.000258317943623447"
"0.0044809640948954","540.223409513039","0.948000073432922","0.000278113292745364"
"0.00498041189294015","576.617595392061","1.04799997806549","0.000299278093820693"
"0.00548923966075169","614.358604184834","1.14800000190735","0.000328988224239543"
"0.00598868774525147","651.778371096757","1.24800026416779","0.000353073971389562"
"0.00648813582975124","688.843141855367","1.34800016880035","0.000383875119478321"
"0.00698523899342307","725.200225477179","1.44800007343292","0.000408528047576217"
"0.00749172184040667","762.485633919202","1.54799997806549","0.000436118106457669"
"0.00799116992490645","798.32597530486","1.64800000190735","0.000460669271408225"
"0.0084835832469224","833.792988948584","1.74800026416779","0.000488157065846044"
"0.00898772117307806","869.282944520583","1.84800016880035","0.000509892342102028"
"0.00949654836797955","904.978554172121","1.94800007343292","0.00053645245194404"
"0.00999599702538937","938.961093332442","2.04800009727478","0.000559881071268588"
"0.0104837210786595","971.128311254232","2.14800000190735","0.000582832599750364"
"0.010987857858995","1004.68818106133","2.2480001449585","0.00060922115883977"
"0.0114873070893149","1036.14299173667","2.34800004959106","0.000633071762221814"
"0.0119750299967649","1066.7413769364","2.44800019264221","0.000657039597322504"
"0.0124768235750027","1096.96467807433","2.54800009727478","0.000680697559700788"
"0.0129856513428142","1127.54967133506","2.64800000190735","0.00070470048554194"
"0.0134944779648057","1157.34003962554","2.7480001449585","0.000730188967138492"
"0.0139915817013876","1185.82052260448","2.84800004959106","0.000755036075935904"
"0.0144863399442315","1214.240193008","2.94800019264221","0.000778083745885171"
"0.0149810981870754","1241.99147393176","3.04800009727478","0.000801705901385432"
"0.0154828917653131","1270.60181481094","3.14800000190735","0.000823478631635827"
"0.0159823398498129","1298.1882212071","3.2480001449585","0.000843883181076981"
"0.0164935119655423","1327.47606247535","3.34800004959106","0.000869949012774769"
"0.0169999942396159","1355.13338028618","3.44800019264221","0.00089396969882742"
"0.0175111663553453","1383.15667124949","3.54800009727478","0.000915191361225049"
"0.0180106144398451","1409.5465847356","3.64800000190735","0.000940621405996668"
"0.0184983384931152","1435.0266147601","3.7480001449585","0.00095861966162095"
"0.019000132071353","1461.44572706402","3.84800004959106","0.000978861003312077"
"0.0194948891683768","1486.59974021303","3.94800019264221","0.00100090543615291"
"0.0199919940507787","1512.23816833563","4.0479998588562","0.00102235805291378"
"0.0204914409894584","1537.81940629253","4.14799976348877","0.00104223860450195"
"0.021002614251008","1563.93017468962","4.2480001449585","0.00106179846969055"
"0.0214950281459339","1587.68209573404","4.34800004959106","0.00108101602112526"
"0.0219850954013019","1611.692854419","4.44799995422363","0.00110256023188012"
"0.0224892333274575","1636.55400123004","4.5479998588562","0.00112143768958736"
"0.0229957156015311","1660.98693530326","4.64799976348877","0.00114485782268182"
"0.0234951648318509","1684.31613210946","4.7480001449585","0.00116274385955038"
"0.0239875787267769","1707.29000345237","4.84800004959106","0.00118007789758734"
"0.0244964053487684","1731.52052166081","4.94799995422363","0.00120264203145579"
"0.025000543274924","1754.02358950911","5.0479998588562","0.00122134109929673"
"0.0254976458656858","1775.91545804337","5.14799976348877","0.0012371558514992"
"0.0259900597606118","1796.7207134293","5.2480001449585","0.00125602321166684"
"0.0264895089909317","1817.99644299988","5.34800004959106","0.00127267985518538"
"0.027000679960841","1839.41684941957","5.44799995422363","0.00128874095870864"
"0.027493093855767","1858.67599447174","5.5479998588562","0.00130841511945189"
"0.0279948874340048","1879.26774722373","5.64799976348877","0.00132393009647155"
"0.0284919900247666","1898.9060378274","5.7480001449585","0.00134205439230647"
"0.0289890949071686","1918.53071695209","5.84800004959106","0.00135862653159287"
"0.0294885418458482","1938.12839265881","5.94799995422363","0.00137367745147336"
"0.0299809557407742","1956.01782775395","6.0479998588562","0.0013890903072769"
"0.030478058331536","1974.53778168169","6.14799976348877","0.00140566502465852"
"0.030975163213938","1993.58529018977","6.2480001449585","0.00142197878151311"
"0.0314886785317652","2013.47736901436","6.34800004959106","0.00143466215061874"
"0.0319975074453969","2032.77866574336","6.44799995422363","0.00145414080580799"
"0.0325039897194704","2051.59565726877","6.5479998588562","0.0014675784109923"
"0.0330010923102322","2069.86445745539","6.64799976348877","0.00148749391009342"
"0.03350288588847","2089.26213223714","6.7480001449585","0.00150218074563817"
"0.0340117125104614","2108.70942305517","6.84800004959106","0.00152262289230125"
"0.0345017820574695","2126.88711414864","6.94799995422363","0.00153515587251919"
"0.0350059199836252","2146.62200234504","7.0479998588562","0.00155432100268448"
"0.0354959872389931","2165.1217585943","7.14799976348877","0.00157125335916378"
"0.0360048161526247","2185.23359694237","7.2480001449585","0.00158812269553777"
"0.0365066097308625","2203.75003823037","7.34800004959106","0.00160695582433002"
"0.0369990213341483","2222.19600718368","7.44799995422363","0.00162053823252905"
"0.0374937795769922","2240.97677461181","7.5479998588562","0.00163980978073582"
"0.0379908844593942","2260.62648129462","7.64799976348877","0.0016557467060061"
"0.0385043997772214","2280.78398395925","7.7480001449585","0.00167519442405273"
"0.0389991603117055","2299.5910961854","7.84800004959106","0.00169182242206884"
"0.0394962629024673","2318.59294037692","7.94799995422363","0.0017085919288669"
"0.0400004008286229","2338.02596109602","8.04800033569336","0.00172764190411247"
"0.0404975034193847","2357.09542360245","8.14799976348877","0.00174480542979629"
"0.0409946060101465","2375.92163580716","8.2480001449585","0.001763904675306"
"0.0414917086009083","2395.66881824264","8.34800052642822","0.00178178648696296"
"0.0420028818624578","2415.45551787515","8.44799995422363","0.00179806214529933"
"0.0424976423969419","2434.46570458604","8.54800033569336","0.00181706986842882"
"0.0429970870439814","2453.87172188717","8.64799976348877","0.00183384410173478"
"0.0434965362743013","2473.20331513389","8.7480001449585","0.00185092899551446"
"0.043993638865063","2492.25016502202","8.84800052642822","0.00186943513589662"
"0.0444907460391052","2511.23971497446","8.94799995422363","0.00188808894384374"
"0.0449831553507508","2530.666808114","9.04800033569336","0.00190653278025813"
"0.0454919865560227","2550.846045237","9.14799976348877","0.00192746719988026"
"0.045998466538456","2570.96995828416","9.2480001449585","0.00194647850369756"
"0.0464955691292178","2589.50967081042","9.34800052642822","0.00196579674407326"
"0.0469739169366364","2607.41008290473","9.44799995422363","0.00198035281289948"
"0.0474827435586279","2628.84969907298","9.54800033569336","0.002002594899707"
"0.048003294211849","2649.89370419097","9.64799976348877","0.00202015287395911"
"0.0484933614672169","2668.09203204289","9.7480001449585","0.00204142015431934"
"0.048988122001701","2687.06533603655","9.84800052642822","0.00205699729207925"
"0.0494992952632505","2708.33700411743","9.94799995422363","0.00207813881868387"
"0.0500174992769135","2729.28572888258","10.0480003356934","0.00210155164717521"
"0.0505122598113976","2747.99448719613","10.1479997634888","0.00211430720294694"
"0.0509999850104878","2767.38074589874","10.2480001449585","0.00213809987080034"
"0.0515064649929212","2787.69126793187","10.3480005264282","0.00215613436298518"
"0.0520012255274053","2806.99497960069","10.4479999542236","0.00217519035378625"
"0.0524912927827732","2825.9515985556","10.5480003356934","0.00219312845385545"
"0.052988395373535","2846.30580904545","10.6479997634888","0.00221604285060472"
"0.0534995686350845","2866.93707899447","10.7480001449585","0.00223531640399665"
"0.0540060532007982","2887.10490003833","10.8480005264282","0.00225815975989992"
"0.0545008091520019","2906.54275063706","10.9479999542236","0.00227911279909863"
"0.0550002583823218","2926.42253522258","11.0480003356934","0.0022973596976839"
"0.0554973609730836","2946.05928904636","11.1479997634888","0.00232087536352892"
"0.0559944635638454","2965.36190301526","11.2480001449585","0.00233955781697846"
"0.0564892240983295","2985.61424695277","11.3480005264282","0.00236092177590935"
"0.056991015384927","3005.68722672376","11.4479999542236","0.00238153092585152"
"0.0575115660381481","3027.55033552017","11.5480003356934","0.00240239258589751"
"0.0580039799330741","3046.13417558311","11.6479997634888","0.00242164494161765"
"0.0584987404675582","3065.83262014225","11.7480001449585","0.00244236280124151"
"0.0589981851145977","3086.08935487943","11.8480005264282","0.00246795984929222"
"0.0594999809844757","3105.70195930503","11.9479999542236","0.00248576761232542"
"0.0599947369356794","3125.01598935307","12.0480003356934","0.00251188400333498"
"0.0604824621347696","3143.94494627006","12.1479997634888","0.00253090604921568"
"0.0609983240921549","3165.85459754298","12.2480001449585","0.00255440252257408"
"0.0615024620183106","3185.97280255057","12.3480005264282","0.00257839026629895"
"0.0619995646090723","3205.71054476676","12.4479999542236","0.002599939704858"
"0.0624896364477206","3224.30821584865","12.5480003356934","0.00262123964109099"
"0.0629890810947601","3244.41324845723","12.6479997634888","0.00264811886182994"
"0.0634955656604739","3264.99248743016","12.7480001449585","0.00267243488301252"
"0.063980944220006","3282.63076878418","12.8480005264282","0.00269455207542949"
"0.0644757047544901","3302.21549163188","12.9479999542236","0.00271796232582561"
"0.0649845313764815","3323.2750840887","13.0480003356934","0.00274453332095854"
"0.0655074286692607","3345.01678727424","13.1479997634888","0.00277440972061549"
"0.0660115665954164","3364.29700816482","13.2480001449585","0.00280022791194488"
"0.0664992872112262","3382.04286411076","13.3480005264282","0.00282213942965449"
"0.0670081138332176","3402.36721716285","13.4479999542236","0.00285059902276184"
"0.0675005277281436","3420.53920021675","13.5480003356934","0.00287499926172153"
"0.0679976349021858","3439.65805921946","13.6479997634888","0.0029017378330436"
"0.0684923908533895","3458.56023225847","13.7480001449585","0.00293037388244585"
"0.0690082528107748","3479.23475158424","13.8480005264282","0.00295841782931312"
"0.0695006667057008","3496.88862027709","13.9479999542236","0.00298856865288323"
"0.0699907339610687","3514.60264292541","14.0480003356934","0.00301363117585883"
"0.0704972185267825","3534.14565317624","14.1479997634888","0.00303963928686924"
"0.0709966677571024","3552.12729506445","14.2480001449585","0.00306620913618208"
"0.071500805683258","3570.29818041843","14.3480005264282","0.00309302505036068"
"0.0719908729386259","3587.05632597862","14.4479999542236","0.00311838577301645"
"0.0725020462001755","3605.92754387995","14.5480003356934","0.00314593300687178"
"0.073003837486773","3622.76977325382","14.6479997634888","0.00317287782581127"
"0.0735009400775348","3639.30003631113","14.7480001449585","0.00320453139243823"
"0.0739957006120189","3655.00285317065","14.8480005264282","0.0032329520276623"
"0.0744928032027807","3670.60907243744","14.9479999542236","0.00326690325003821"
"0.0750063185206079","3686.70464632743","15.0480003356934","0.00330331999080725"
"0.0754940437196981","3700.41755277655","15.1479997634888","0.00334400147397628"
"0.0760005282854119","3715.2180603039","15.2480001449585","0.00339107806556015"
"0.0765023195720094","3728.69474173078","15.3480005264282","0.00343766023577228"
"0.0770064529148847","3741.8368442228","15.4479999542236","0.0034940205482348"
"0.0774988713930911","3753.71351824996","15.5480003356934","0.0035468170737415"
"0.0779936273442948","3765.40885225075","15.6479997634888","0.00360686749982552"
"0.0785048006058443","3777.38036755077","15.7480001449585","0.00367029637646473"
"0.0789972190840507","3787.3312368427","15.8480005264282","0.00373453534791231"
"0.079501352426926","3797.85027561192","15.9479999542236","0.00380870313695302"
"0.0800008016572459","3807.83539314128","16.0480003356934","0.00388539258957159"
"0.0804979042480076","3816.21172167158","16.1480007171631","0.00396879339695167"
"0.0809856294470979","3824.34260450033","16.2480010986328","0.00405933123125922"
"0.0814850786774177","3833.07414872392","16.3479995727539","0.00416011155141136"
"0.0820056293306388","3841.72314591373","16.4479999542236","0.00427565060731933"
"0.0825097626735141","3848.31110173847","16.5480003356934","0.00439490154743063"
"0.0830139051829501","3854.78840941153","16.6480007171631","0.00451696060614396"
"0.0835039678550377","3860.38799623057","16.7480010986328","0.00464357601847192"
"0.0840057637249156","3866.86662114353","16.8479995727539","0.00477995038056365"
"0.0845145903469071","3872.78585817855","16.9479999542236","0.00491991316474329"
"0.0850023155459973","3876.88774323018","17.0480003356934","0.00506292812720557"
"0.085497071497201","3881.8238802191","17.1480007171631","0.00520955929789311"
"0.0859941740879628","3886.14662249414","17.2480010986328","0.00535693811619376"
"0.0865100406286285","3891.13544907909","17.3479995727539","0.00551603638244368"
"0.0870047965798322","3894.6151578175","17.4479999542236","0.00567579750561955"
"0.0874995616975966","3898.03690800027","17.5480003356934","0.00583755350158381"
"0.0880130724321435","3902.22616996534","17.6480007171631","0.00600897277133378"
"0.0885078283833472","3904.50499499402","17.7480010986328","0.00618347372423388"
"0.0890025935011117","3907.65232019742","17.8479995727539","0.00635375863208809"
"0.0894973494523154","3910.89316943378","17.9479999542236","0.00653002013756681"
"0.0900038294347487","3913.29274145339","18.0480003356934","0.00671223933463843"
"0.0905032786650686","3915.93073389508","18.1480007171631","0.00690005471706244"
"0.0910050745349465","3918.40582766901","18.2480010986328","0.0070889179519649"
"0.0915092078778218","3921.25501757482","18.3479995727539","0.00728092875467305"
"0.0920110037476998","3923.09695803635","18.4479999542236","0.00748128456514563"
"0.0925081063384616","3924.68686659683","18.5480003356934","0.00768305374470752"
"0.0929958315375518","3926.65789656865","18.6480007171631","0.00787747535289918"
"0.0934976274074297","3929.07590994687","18.7480010986328","0.00808204892714779"
"0.0940041073898631","3931.28975114045","18.8479995727539","0.00829138395680833"
"0.0944988633410668","3932.08360772077","18.9479999542236","0.00849774157294754"
"0.0949983125713867","3934.27505583602","19.0480003356934","0.00871112879538014"
"0.09550479255382","3936.44674535276","19.1480007171631","0.00892941267999608"
"0.0960206590944857","3938.45729252162","19.2480010986328","0.0091555328282535"
"0.0965083842935759","3938.67244170544","19.3479995727539","0.00937787463474197"
"0.0969867229344338","3939.4245856889","19.4479999542236","0.00959204273357049"
"0.0974978961959833","3943.21648028384","19.5480003356934","0.0098148279724364"
"0.0980114160970909","3944.2891526432","19.6480007171631","0.0100495331777685"
"0.0985155494399662","3945.5115512713","19.7480010986328","0.0102909334099258"
"0.0990056212786145","3946.20837117892","19.8479995727539","0.0105218562631186"
"0.099514447900606","3948.28346310292","19.9479999542236","0.0107645134599219"
"0.100006866378812","3949.14757247796","20.0480003356934","0.0110032404937935"
"0.100501622330016","3950.3695320261","20.1480007171631","0.0112425404377135"
"0.100998724920778","3952.219815007","20.2480010986328","0.0114792886402781"
"0.101500520790656","3953.36581372085","20.3479995727539","0.0117214978214236"
"0.102011694052205","3955.03124403565","20.4479999542236","0.0119731290812245"
"0.102508796642967","3955.88349825158","20.5480003356934","0.0122195594636063"
"0.103008245873287","3957.38954253836","20.6480007171631","0.0124638104961642"
"0.103507685937046","3958.72917551765","20.7480010986328","0.012706756439632"
"0.104004797694369","3959.20821176164","20.8479995727539","0.0129539911877217"
"0.104499553645572","3960.84290647875","20.9479999542236","0.0131928121788413"
"0.104996656236334","3962.26903821154","21.0480003356934","0.0134396768270398"
"0.105512513610439","3964.74501014541","21.1480007171631","0.013687663233113"
"0.106007278728204","3964.79111354194","21.2480010986328","0.0139357229716724"
"0.106504381318965","3966.01658572981","21.3479995727539","0.0141817167965974"
"0.107003830549285","3967.65874480636","21.4479999542236","0.0144238285830347"
"0.10750796389216","3968.5614932185","21.5480003356934","0.0146683225294531"
"0.108002719843364","3969.72900685073","21.6480007171631","0.0149100917156815"
"0.108490445042454","3970.27127060996","21.7480010986328","0.0151490639550538"
"0.109008649056117","3973.24252474659","21.8479995727539","0.0153958231878034"
"0.109508098286437","3974.02364800787","21.9479999542236","0.0156430430402319"
"0.110012240795873","3975.23726503664","22.0480003356934","0.0158846689989482"
"0.110502312634522","3975.71103232102","22.1480007171631","0.016120815645962"
"0.111001752698281","3976.98612054516","22.2480010986328","0.0163570287505414"
"0.111505895207717","3978.81313228782","22.3479995727539","0.0165978938847135"
"0.11200065115892","3979.39798680385","22.4479999542236","0.016836513211496"
"0.112502447028798","3981.41292477237","22.5480003356934","0.0170690722957869"
"0.11299954961956","3982.27791230735","22.6480007171631","0.01730793453643"
"0.11351072288111","3984.1036068101","22.7480010986328","0.0175445337823819"
"0.114003132192755","3984.58835109366","22.8479995727539","0.017773717280668"
"0.114500234783517","3985.96003691054","22.9479999542236","0.0180111988080944"
"0.115009061405509","3987.87574280652","23.0480003356934","0.0182443262191533"
"0.115501479883715","3988.00746679662","23.1480007171631","0.0184778638338069"
"0.116003275753593","3989.90868305369","23.2480010986328","0.0187057468262831"
"0.116500378344355","3991.46917325638","23.3479995727539","0.0189358676054082"
"0.117018582358018","3993.1157231326","23.4479999542236","0.0191741042282784"
"0.117506307557108","3992.8869624698","23.5480003356934","0.0194021739894304"
"0.117998716868754","3994.03208302371","23.6480007171631","0.0196288699122864"
"0.118509890130303","3996.3987240458","23.7480010986328","0.0198551120903842"
"0.119006992721065","3996.83912125269","23.8479995727539","0.0200815032250945"
"0.119506441951385","3998.33243222043","23.9479999542236","0.0203044546078744"
"0.119996513790033","3999.22332547346","24.0480003356934","0.0205296632562449"
"0.120507687051583","4001.46526778491","24.1480007171631","0.0207557381446085"
"0.121007136281902","4002.38514031576","24.2480010986328","0.0209845217516807"
"0.12150892298522","4003.43234603704","24.3479995727539","0.0212102826853378"
"0.122001341463426","4004.33948524884","24.4479999542236","0.0214300578548096"
"0.122500790693746","4005.62555047216","24.5480003356934","0.02165123779972"
"0.123014301428293","4007.52764488917","24.6480007171631","0.0218779749720995"
"0.123502026627383","4007.8850559823","24.7480010986328","0.0220950987138675"
"0.124006169136819","4009.91975254934","24.8479995727539","0.0223192829990716"
"0.124505618367139","4010.78386192438","24.9479999542236","0.0225419548017479"
"0.125012098349572","4012.10680986492","25.0480003356934","0.0227663224181674"
"0.125504507661218","4012.91998596379","25.1480007171631","0.0229842092761198"
"0.125994579499866","4013.91098944929","25.2480010986328","0.0232003796955673"
"0.126508099400974","4015.93822165689","25.3479995727539","0.0234220683846007"
"0.126998162073061","4016.38125334359","25.4479999542236","0.0236431612471837"
"0.127504651222055","4018.44756366825","25.5480003356934","0.0238608510240795"
"0.128004091285814","4019.5483371455","25.6480007171631","0.0240812472280438"
"0.128512927074367","4020.97490795825","25.7480010986328","0.0243058692165247"
"0.12900768302557","4021.42145228468","25.8479995727539","0.0245260889641941"
"0.129495408224661","4022.15647214943","25.9479999542236","0.024740925649049"
"0.130004234846652","4024.44846957712","26.0480003356934","0.0249588560481651"
"0.130506021549969","4025.77800371717","26.1480007171631","0.0251759133323675"
"0.131010164059405","4026.87438639475","26.2480010986328","0.0253965868247952"
"0.131500235898054","4027.30380660247","26.3479995727539","0.0256137174414837"
"0.132004369240929","4029.1936067804","26.4479999542236","0.0258301032751095"
"0.13251319586292","4030.62193391303","26.5480003356934","0.0260485447099887"
"0.133003267701569","4031.00656796411","26.6480007171631","0.0262677698858141"
"0.133498023652772","4032.07967940344","26.7480010986328","0.0264784380771572"
"0.133995126243534","4033.82107055253","26.8479995727539","0.0266952776555412"
"0.134513330257197","4035.54753298274","26.9479999542236","0.0269155569858556"
"0.135003402095845","4036.04588874527","27.0480003356934","0.0271318351123922"
"0.135495820574052","4036.68870181695","27.1480007171631","0.0273420128927339"
"0.136006993835601","4039.17125995032","27.2480010986328","0.0275605666179826"
"0.13650643389936","4039.44744124956","27.3479995727539","0.0277790493023853"
"0.137001199017125","4040.50606304997","27.4479999542236","0.0279898022844155"
"0.13749360832877","4042.00991193692","27.5480003356934","0.0282029064892843"
"0.138007128229878","4043.48522062601","27.6480007171631","0.0284208575131621"
"0.138506577460198","4044.63912277927","27.7480010986328","0.0286366314788562"
"0.139006026690518","4045.51596547335","27.8479995727539","0.0288496577679583"
"0.139505466754277","4047.12475447241","27.9479999542236","0.029064941322651"
"0.140007262624155","4048.06043388207","28.0480003356934","0.0292820765226199"
"0.140506711854475","4048.74320323074","28.1480007171631","0.0294953113509797"
"0.14099912116612","4049.66044128178","28.2480010986328","0.029704632057889"
"0.14149857039644","4051.17965796757","28.3479995727539","0.0299144798420428"
"0.142005059545434","4053.00710879019","28.4479999542236","0.0301307740100608"
"0.142504508775754","4053.57264378768","28.5480003356934","0.0303434130119702"
"0.143001611366516","4054.40733480493","28.6480007171631","0.0305552545230924"
"0.143501051430275","4056.13599263498","28.7480010986328","0.0307699605844563"
"0.144016917970941","4057.83523210723","28.8479995727539","0.0309889886792251"
"0.144506989809589","4057.65652656067","28.9479999542236","0.0311995033306752"
"0.144994715008679","4058.40164526465","29.0480003356934","0.031404529503862"
"0.145503541630671","4061.08749742274","29.1480007171631","0.0316157270640898"
"0.146010021613104","4061.67235193877","29.2480010986328","0.0318302016697941"
"0.146507124203866","4062.7854196551","29.3479995727539","0.0320428590048251"
"0.146997196042514","4063.40979136816","29.4479999542236","0.0322482014243586"
"0.147508369304064","4065.19860315368","29.5480003356934","0.0324638149752392"
"0.148005471894826","4065.84580702503","29.6480007171631","0.0326732823471209"
"0.148497881206471","4066.44251670017","29.7480010986328","0.0328781091476109"
"0.148997330436791","4068.24537904464","29.8479995727539","0.0330858211231044"
"0.149503810419224","4069.30707440482","29.9479999542236","0.0332971149322203"
"0.150012637041216","4070.75823369573","30.0480003356934","0.0335098799743404"
"0.15050740215898","4071.01465639645","30.1480007171631","0.0337178806964983"
"0.151004504749742","4072.37624337409","30.2480010986328","0.0339252328844814"
"0.151501607340504","4073.4137893361","30.3479995727539","0.0341238814230099"
"0.152003394043821","4074.11719544322","30.4479999542236","0.0343351500240837"
"0.152495812522027","4075.16308392459","30.5480003356934","0.0345388997536827"
"0.152995261752347","4076.67307993107","30.6480007171631","0.0347441230079262"
"0.153515812405568","4079.05728415184","30.7480010986328","0.0349565465956574"
"0.154005884244217","4078.19537017663","30.8479995727539","0.0351613252717034"
"0.154502986834979","4079.71326962252","30.9479999542236","0.0353693764099455"
"0.155002436065298","4080.94049813027","31.0480003356934","0.0355721109429389"
"0.155506560241613","4081.96794525303","31.1480007171631","0.0357841999512019"
"0.15599898788638","4082.33325978556","31.2480010986328","0.03598402868443"
"0.156489050558468","4083.21229787948","31.3479995727539","0.0361903863005692"
"0.157009601211689","4085.90649255694","31.4479999542236","0.0364010934497956"
"0.157511397081567","4086.39957935987","31.5480003356934","0.0366104829059107"
"0.158010846311886","4087.21582901851","31.6480007171631","0.036818002383628"
"0.158498562344416","4087.53108843481","31.7480010986328","0.0370218254457133"
"0.159002704853852","4088.68235610826","31.8479995727539","0.0372258501721355"
"0.15950450072373","4090.11595220049","31.9479999542236","0.0374317952930399"
"0.16000394995405","4090.70080671652","32.0480003356934","0.037638423322722"
"0.16050339918437","4091.8437318706","32.1479988098145","0.037840704110957"
"0.161005195054248","4093.10959941544","32.2480010986328","0.0380469975611708"
"0.161516359149236","4094.60817934278","32.3479995727539","0.0382559699387708"
"0.162004075181766","4094.32716816391","32.4480018615723","0.0384577923989671"
"0.162496502826533","4095.483265717","32.5480003356934","0.0386607767207416"
"0.163005320281964","4097.11049607467","32.6479988098145","0.0388635135453752"
"0.163502422872725","4097.08898115628","32.7480010986328","0.0390711269803404"
"0.164001872103045","4098.63454264009","32.8479995727539","0.0392738592216936"
"0.164498974693807","4099.63432772493","32.9480018615723","0.0394762477170177"
"0.16501717870747","4101.77396440408","33.0480003356934","0.0396847365585368"
"0.165504913073121","4101.06968013703","33.1479988098145","0.0398908833437783"
"0.165999669024325","4101.881538996","33.2480010986328","0.0400958888922033"
"0.166503811533761","4103.36958100413","33.3479995727539","0.040295642001305"
"0.167003260764081","4104.0949411096","33.4480018615723","0.0404991442337632"
"0.167502709994401","4105.01613088035","33.5480003356934","0.0407021514719396"
"0.167995119306046","4105.73622202622","33.6479988098145","0.0409051037107514"
"0.168510976680151","4108.04139185292","33.7480010986328","0.0411110121654127"
"0.169010425910471","4108.04095277296","33.8479995727539","0.0413210776553849"
"0.169509875140791","4108.80100019582","33.9480018615723","0.0415254002950323"
"0.169995262866884","4109.0060505404","34.0480003356934","0.04172415883229"
"0.170494693764082","4110.31143528227","34.1479988098145","0.0419267535752316"
"0.171010569471309","4112.01550463416","34.2480010986328","0.0421333586885117"
"0.171500632143396","4111.97993915684","34.3479995727539","0.0423369525865776"
"0.172002428013274","4113.29059285831","34.4480018615723","0.0425383327602167"
"0.172504223883152","4114.43966513192","34.5480003356934","0.0427432328931929"
"0.173013041338583","4115.24230331159","34.6479988098145","0.0429543983704579"
"0.173500775704234","4115.18522291588","34.7480010986328","0.0431570847790072"
"0.173990838376321","4116.02474381276","34.8479995727539","0.0433569295537167"
"0.17450200247131","4117.64011901133","34.9480018615723","0.0435578055665132"
"0.174996776755635","4117.92025203027","35.0480003356934","0.0437617386273277"
"0.175505594211066","4119.59929382404","35.1479988098145","0.0439676654151106"
"0.176007390080944","4120.53541231367","35.2480010986328","0.044170246408211"
"0.176513879229938","4121.21730350241","35.3479995727539","0.0443778873428585"
"0.177003941902025","4120.79929937383","35.4480018615723","0.0445788137717393"
"0.177496351213671","4121.83113729626","35.5480003356934","0.0447802306116214"
"0.178002840362665","4123.417533217","35.6479988098145","0.0449817482836721"
"0.178502289592985","4124.16704272066","35.7480010986328","0.0451821751349906"
"0.179011107048416","4125.15453356642","35.8479995727539","0.0453886015003356"
"0.179501188053625","4125.26342539824","35.9480018615723","0.0455933962178629"
"0.180005312229939","4126.70931572954","36.0480003356934","0.0457955326327658"
"0.180509454739375","4127.57737682428","36.1479988098145","0.0459998781888152"
"0.181004210690579","4127.67046177728","36.2480010986328","0.046205034985493"
"0.181496638335346","4127.90976035929","36.3479995727539","0.0464056726677094"
"0.181996069232545","4129.34467369142","36.4480018615723","0.0466054257768111"
"0.182514291579329","4130.7975893022","36.5480003356934","0.0468117604765484"
"0.183004354251417","4130.81515250088","36.6479988098145","0.0470134660630949"
"0.18349911020262","4131.21383711091","36.7480010986328","0.0472154328966235"
"0.184010292630731","4133.10846716847","36.8479995727539","0.0474224413385776"
"0.184507395221492","4132.79452499208","36.9480018615723","0.0476289731193715"
"0.185004497812254","4133.5510597752","37.0480003356934","0.0478314899465465"
"0.1854969071239","4133.85885483206","37.1479988098145","0.0480237677253372"
"0.186003377939772","4135.29684172396","37.2480010986328","0.0482372569257584"
"0.18650517380965","4136.0691833859","37.3479995727539","0.0484340538190106"
"0.187006969679528","4136.55217134959","37.4480018615723","0.0486413097581056"
"0.187511112188964","4137.94888472459","37.5480003356934","0.0488486069467241"
"0.188008214779726","4137.53483231572","37.6479988098145","0.0490448171800868"
"0.188505317370488","4138.48675768416","37.7480010986328","0.0492555609955562"
"0.188997726682134","4138.74098498504","37.8479995727539","0.0494482787692641"
"0.189497175912453","4140.11354896186","37.9480018615723","0.0496559701199959"
"0.190006011701006","4141.31048095188","38.0480003356934","0.049855076986563"
"0.190507807570884","4141.31311543168","38.1479988098145","0.0500649912282825"
"0.191004910161645","4141.81234935415","38.2480010986328","0.0502654226628814"
"0.191504359391965","4142.57151861708","38.3479995727539","0.050467934906776"
"0.192015523486954","4143.90105275713","38.4480018615723","0.0506749387654498"
"0.192500892879925","4143.11905133592","38.5480003356934","0.0508730968929769"
"0.192990973885134","4143.61125997891","38.6479988098145","0.0510732899969957"
"0.193497444701007","4145.67230134397","38.7480010986328","0.0512741247602687"
"0.194008627129117","4146.22290762258","38.8479995727539","0.0514843598316152"
"0.194510422998995","4146.66242666954","38.9480018615723","0.0516877474820637"
"0.194998139031525","4146.38931893007","39.0480003356934","0.0518843977103435"
"0.195509321459635","4148.2751673883","39.1479988098145","0.0520929828007508"
"0.196004077410839","4147.94717465296","39.2480010986328","0.0522930567394795"
"0.196501180001601","4148.42884537675","39.3479995727539","0.0524939281689956"
"0.196995935952804","4149.06287684908","39.4480018615723","0.0526913254719785"
"0.19750007846224","4149.88000466765","39.5480003356934","0.0528982651647268"
"0.198011242557229","4150.9820953848","39.6479988098145","0.0531005024117982"
"0.198505998508433","4150.89647479124","39.7480010986328","0.0533062733680479"
"0.199007794378311","4151.86815875819","39.8479995727539","0.0535087031128956"
"0.199502550329514","4151.9199701943","39.9480018615723","0.0537091666304572"
"0.20000669283895","4152.58693266416","40.0480003356934","0.0539113442948836"
"0.200496755511038","4152.80032552811","40.1479988098145","0.0541071099500487"
"0.200991511462242","4153.52392931372","40.2480010986328","0.0543093517804005"
"0.201512062115463","4155.53447648257","40.3479995727539","0.0545154802325204"
"0.20200448976023","4154.33491001275","40.4480018615723","0.0547195462084661"
"0.20250393899055","4155.30483765984","40.5480003356934","0.0549214442927889"
"0.20300338822087","4155.99463228798","40.6479988098145","0.0551217611453782"
"0.2035122056763","4156.40561113708","40.7480010986328","0.0553253000440795"
"0.204002268348388","4155.8466623391","40.8479995727539","0.0555201444598868"
"0.204487656074481","4156.31164802415","40.9480018615723","0.0557191550775658"
"0.205008206727702","4158.8209900355","41.0480003356934","0.0559235327165779"
"0.205507655958022","4158.60276729191","41.1479988098145","0.0561269936995126"
"0.206014145107016","4159.3118814386","41.2480010986328","0.0563335713131104"
"0.206499514499987","4158.34107563158","41.3479995727539","0.0565268161640627"
"0.207001310369865","4159.52044442292","41.4480018615723","0.0567301350653054"
"0.207507799518859","4160.04031510384","41.5480003356934","0.0569284948571695"
"0.208002555470063","4160.10178629922","41.6479988098145","0.0571260938244894"
"0.208502004700383","4160.74635569076","41.7480010986328","0.0573234682110703"
"0.208994414012028","4160.96853015406","41.8479995727539","0.0575217913366913"
"0.209512618025691","4162.90838544823","41.9480018615723","0.0577284972821399"
"0.210002680697779","4161.83483492893","42.0480003356934","0.0579243775193147"
"0.210497454982104","4162.12023690748","42.1479988098145","0.0581214539926704"
"0.211001579158419","4163.17929778786","42.2480010986328","0.0583201483640028"
"0.211498681749181","4162.98083364278","42.3479995727539","0.0585194523116266"
"0.212002824258617","4163.72243970703","42.4480018615723","0.0587145213081729"
"0.21249758020982","4164.16415415382","42.5480003356934","0.0589171252176752"
"0.213015784223483","4165.66317316113","42.6479988098145","0.0591195045464386"
"0.213505865228692","4164.43770097326","42.7480010986328","0.0593147981237239"
"0.214000621179896","4164.8482407424","42.8479995727539","0.0595178466114238"
"0.214502417049774","4165.60170196576","42.9480018615723","0.0597070810920376"
"0.215004212919652","4165.94681881981","43.0480003356934","0.0599061100428381"
"0.21550364381685","4165.9270602213","43.1479988098145","0.0601014036201234"
"0.215996071461617","4166.26998167552","43.2480010986328","0.0602969034450261"
"0.216509582196164","4167.77163516263","43.3479995727539","0.0604971286320076"
"0.217006684786926","4167.41510222943","43.4480018615723","0.0606929722029393"
"0.217508480656804","4167.99205330606","43.5480003356934","0.0608910111651763"
"0.217996196689334","4166.85395803162","43.6479988098145","0.0610845493460734"
"0.218497992559211","4168.10972673721","43.7480010986328","0.0612803700006032"
"0.219013849933316","4169.23377145271","43.8479995727539","0.0614760760731232"
"0.219501584298967","4168.10182329781","43.9480018615723","0.0616681476042965"
"0.219998686889729","4168.8522109614","44.0480003356934","0.0618607737123966"
"0.220498136120049","4169.45155511634","44.1479988098145","0.0620545823068365"
"0.221009300215038","4170.09919806765","44.2480010986328","0.0622538495882172"
"0.221499381220247","4169.47175279482","44.3479995727539","0.0624426761568766"
"0.221991790531892","4169.73256629521","44.4480018615723","0.0626331068736714"
"0.222502954626881","4170.72400886068","44.5480003356934","0.0628259071464262"
"0.223002403857201","4170.69327326299","44.6479988098145","0.0630190328320884"
"0.223508893006195","4171.12093715084","44.7480010986328","0.0632107972834758"
"0.224003648957399","4171.34618517391","44.8479995727539","0.0633977080409334"
"0.224514831385509","4171.77077550199","44.9480018615723","0.0635938403585295"
"0.225007240697155","4171.13850034952","45.0480003356934","0.0637831023388256"
"0.225501996648359","4171.08932339322","45.1479988098145","0.0639683860317459"
"0.226006139157795","4171.69832730743","45.2480010986328","0.0641519464112408"
"0.226507916694551","4172.18746239066","45.3479995727539","0.0643393475796998"
"0.227007365924871","4172.07900963882","45.4480018615723","0.0645254745962113"
"0.227499793569638","4172.23532210707","45.5480003356934","0.0647060191772116"
"0.228006264385511","4172.93302017462","45.6479988098145","0.0648914174521415"
"0.228510406894947","4173.28735770798","45.7480010986328","0.0650775215522511"
"0.22900516284615","4172.38153573607","45.8479995727539","0.0652602019419116"
"0.229499918797354","4172.24805542611","45.9480018615723","0.0654387023798593"
"0.229999368027674","4173.007663769","46.0480003356934","0.0656173082332559"
"0.230515225401779","4173.73785375411","46.1479988098145","0.0658008456963489"
"0.231005306406988","4173.09855332217","46.2480010986328","0.0659766694985506"
"0.231497715718634","4172.69811239227","46.3479995727539","0.0661493400038462"
"0.232006551507186","4173.98373853563","46.4480018615723","0.0663266992049776"
"0.232506000737506","4173.3176542257","46.5480003356934","0.0665074271171933"
"0.233003103328267","4173.43884029659","46.6479988098145","0.0666776547340427"
"0.233495512639913","4172.97780633125","46.7480010986328","0.0668484002615758"
"0.23400902337446","4173.92446274008","46.8479995727539","0.0670217307592471"
"0.234506125965222","4173.66847911933","46.9480018615723","0.0671897767346323"
"0.234998535276867","4172.72050547059","47.0480003356934","0.0673543989995685"
"0.235495637867629","4173.23071639224","47.1479988098145","0.0675194612594219"
"0.235997433737507","4173.48406553319","47.2480010986328","0.0676795369102143"
"0.236499229607385","4173.04015568656","47.3479995727539","0.0678450895810691"
"0.236996332198147","4173.09723608227","47.4480018615723","0.068002470262994"
"0.237500474707583","4173.29613930732","47.5480003356934","0.0681586959582614"
"0.238006963856577","4173.78307899071","47.6479988098145","0.0683173141258908"
"0.238508741393333","4172.73806866927","47.7480010986328","0.0684711656819178"
"0.239008190623653","4173.12884983989","47.8479995727539","0.0686274922093538"
"0.239505293214415","4172.27088758439","47.9480018615723","0.0687750050886057"
"0.240016475642525","4173.01117640874","48.0480003356934","0.0689242687809655"
"0.240504191675055","4171.55255275839","48.1479988098145","0.0690636188378484"
"0.2409966009867","4170.99140856058","48.2480010986328","0.0692011080828943"
"0.241505436775253","4172.09832915736","48.3479995727539","0.0693418010409305"
"0.242014272563805","4171.42390232806","48.4480018615723","0.069477117811073"
"0.242511375154567","4170.7955788953","48.5480003356934","0.0696039738456213"
"0.242999091187096","4169.55912970825","48.6479988098145","0.0697300048896999"
"0.243510255282085","4170.13388538504","48.7480010986328","0.0698548763638406"
"0.244002682926852","4168.92729363575","48.8479995727539","0.0699758245499702"
"0.244499785517614","4168.54046418483","48.9480018615723","0.0700902644779504"
"0.244999234747934","4167.9995176655","49.0480003356934","0.0702015281926225"
"0.245505705563806","4167.32816439597","49.1479988098145","0.0703104131847737"
"0.246014541352358","4166.91762462683","49.2480010986328","0.0704153336393904"
"0.246506950664004","4165.09719908368","49.3479995727539","0.0705149558218797"
"0.247006399894324","4164.66690071603","49.4480018615723","0.0706042014575732"
"0.24749880920597","4163.32638957681","49.5480003356934","0.0706935204257529"
"0.248007644994522","4162.45437676236","49.6479988098145","0.0707807310849546"
"0.248497707666609","4160.77489588862","49.7480010986328","0.0708600355854889"
"0.248999503536487","4160.10222537919","49.8479995727539","0.0709335468196141"
"0.249515360910592","4159.58147653833","49.9480018615723","0.0710103625988984"
"0.250007770222238","4156.0662023226","50.0480003356934","0.0710714989759791"
"0.250504891146121","4154.67651422707","50.1479988098145","0.0711370353022312"
"0.250987913899534","4152.70855781501","50.2480010986328","0.0711858564049123"
"0.251494403048528","4151.82776340123","50.3479995727539","0.0712445223938644"
"0.25199150563929","4149.23850883588","50.4480018615723","0.0712918539304198"
"0.252488608230052","4146.6071025937","50.5480003356934","0.0713349138496546"
"0.253006812243715","4146.03542047668","50.6479988098145","0.0713753887987512"
"0.253510954753151","4142.30324075725","50.7480010986328","0.0714112896340217"
"0.254015097262587","4139.41453365441","50.8479995727539","0.0714415072016125"
"0.254502813295117","4135.77412164808","50.9480018615723","0.0714661652500939"
"0.255009302444111","4133.46719550151","51.0480003356934","0.0714942882585479"
"0.255506405034872","4129.79385249766","51.1479988098145","0.07151421636167"
"0.256005854265192","4126.47001714753","51.2480010986328","0.0715354873659456"
"0.256507631801949","4123.27834486747","51.3479995727539","0.071551070519261"
"0.257007081032269","4119.13123457923","51.4480018615723","0.0715659570139576"
"0.257522956739495","4115.80827738904","51.5480003356934","0.0715781439565063"
"0.258008326132466","4110.29958012316","51.6479988098145","0.0715849409613201"
"0.25850308208367","4106.51427172773","51.7480010986328","0.0715944100185994"
"0.25900253131399","4102.50020266949","51.8479995727539","0.0716014911867972"
"0.25950198054431","4097.18470058909","51.9480018615723","0.0716056573886688"
"0.260003776414188","4093.04988453993","52.0480003356934","0.0716078711130957"
"0.26050087900495","4088.27093817919","52.1479988098145","0.0716120785644909"
"0.261021429658171","4083.83623051258","52.2480010986328","0.0716137102123086"
"0.261511492330258","4076.42148710999","52.3479995727539","0.0716110244100019"
"0.262006266614584","4071.62366031067","52.4480018615723","0.0716087969357339"
"0.262503369205345","4066.98697585924","52.5480003356934","0.0716076923651606"
"0.263005146742102","4061.15028585802","52.6479988098145","0.0716039524083649"
"0.263502249332864","4055.29252001838","52.7480010986328","0.0715988787169766"
"0.263999351923625","4049.50939777314","52.8479995727539","0.0715976412312722"
"0.264512880991294","4044.49949534976","52.9480018615723","0.071593291698185"
"0.265012330221614","4037.42942972126","53.0480003356934","0.0715874846819348"
"0.265514126091492","4031.0785770787","53.1479988098145","0.0715792806100423"
"0.265999495484463","4024.21663535455","53.2480010986328","0.0715736890079703"
"0.266487229850114","4018.18894556769","53.3479995727539","0.0715657782660225"
"0.266991354026428","4013.08068923171","53.4480018615723","0.0715632116290059"
"0.267486109977632","4006.24553138555","53.5480003356934","0.0715538342373343"
"0.267997292405742","4000.21125539919","53.6479988098145","0.0715480593040468"
"0.268501434915178","3992.7539212398","53.7480010986328","0.0715394427369195"
"0.269019638928841","3985.88363699628","53.8479995727539","0.0715312936643916"
"0.269509701600929","3978.31872824498","53.9480018615723","0.0715215221106068"
"0.26999743596658","3971.59904843014","54.0480003356934","0.0715133455383965"
"0.270515639980243","3966.02317192932","54.1479988098145","0.0715056364607858"
"0.271015089210563","3957.47208957216","54.2480010986328","0.0714921891161307"
"0.271516866747319","3950.74626263778","54.3479995727539","0.0714849108668763"
"0.272011641031644","3943.7543532434","54.4480018615723","0.0714758726379534"
"0.272520458487075","3936.31633860257","54.5480003356934","0.0714674623184434"
"0.273010521159163","3928.32464412335","54.6479988098145","0.0714557566203353"
"0.27350294880393","3921.48772995732","54.7480010986328","0.0714457742356527"
"0.274004744673808","3914.81722709879","54.8479995727539","0.0714400359686083"
"0.274506522210564","3906.95067041017","54.9480018615723","0.0714271477841603"
"0.27501066472","3899.4344995352","55.0480003356934","0.0714187832974543"
"0.275505420671204","3891.48407857289","55.1479988098145","0.0714076963421984"
"0.27600956318064","3884.01928005406","55.2480010986328","0.0713971639638693"
"0.276516052329634","3876.58389989303","55.3479995727539","0.0713863245057543"
"0.27700846164128","3867.55553761174","55.4480018615723","0.0713752238006573"
"0.277503217592483","3860.18865392556","55.5480003356934","0.0713650305850769"
"0.278000320183245","3852.90080463343","55.6479988098145","0.071353659466437"
"0.27851617755735","3845.18792593326","55.7480010986328","0.0713413579418786"
"0.279010933508554","3836.72422048953","55.8479995727539","0.0713309447288396"
"0.279505707792879","3827.9092510722","55.9480018615723","0.0713180198781486"
"0.28001452524831","3820.78166596803","56.0480003356934","0.0713107737118569"
"0.280511627839072","3811.28919616164","56.1479988098145","0.071295717635786"
"0.281006383790275","3803.78575860572","56.2480010986328","0.0712847040130163"
"0.281491771516368","3795.15037289489","56.3479995727539","0.0712726499855988"
"0.282005282250915","3787.70445481465","56.4480018615723","0.0712617463615584"
"0.282497691562561","3778.32087684007","56.5480003356934","0.0712501506621795"
"0.282990119207328","3769.95815978875","56.6479988098145","0.0712367262339264"
"0.2834965900232","3763.00884115117","56.7480010986328","0.0712262763546443"
"0.284007772451311","3752.69090100683","56.8479995727539","0.0712121186015292"
"0.284507221681631","3743.86100287063","56.9480018615723","0.0711997391612042"
"0.284999630993276","3735.56809953406","57.0480003356934","0.0711849259989937"
"0.285501426863154","3727.52283729887","57.1479988098145","0.0711744348701882"
"0.286007897679027","3718.69732996234","57.2480010986328","0.0711633020821284"
"0.286519080107137","3708.46984029121","57.3479995727539","0.0711490114138821"
"0.287016182697899","3699.36815165544","57.4480018615723","0.0711348032446827"
"0.287517978567777","3690.48644208313","57.5480003356934","0.0711210350704005"
"0.288026796023207","3681.7127461827","57.6479988098145","0.0711094531208629"
"0.288514530388858","3671.60688166243","57.7480010986328","0.0710924262342256"
"0.289004593060946","3662.58269064083","57.8479995727539","0.0710791851371879"
"0.289506388930824","3654.38067685743","57.9480018615723","0.0710673190242662"
"0.290017553025813","3643.93320812283","58.0480003356934","0.0710525700279812"
"0.290512308977016","3634.78958735021","58.1479988098145","0.0710376422837611"
"0.291002389982225","3624.56385399894","58.2480010986328","0.0710252170106323"
"0.291513554077214","3615.55151813646","58.3479995727539","0.0710130667343266"
"0.292015349947092","3605.15893439773","58.4480018615723","0.0709957327679034"
"0.292512452537854","3595.82299659957","58.5480003356934","0.0709819920933035"
"0.293000186903505","3585.97553063987","58.6479988098145","0.070966111026763"
"0.293506657719377","3575.86373854003","58.7480010986328","0.0709490062243591"
"0.294013146868372","3565.94711748553","58.8479995727539","0.0709363197042482"
"0.294510249459133","3555.45442351433","58.9480018615723","0.0709208373831013"
"0.295009698689453","3545.84362165683","59.0480003356934","0.0709078804494476"
"0.295504454640657","3534.99680969226","59.1479988098145","0.0708923568787772"
"0.296010943789651","3524.85384291477","59.2480010986328","0.0708752520763733"
"0.296491619903506","3513.88628395927","59.3479995727539","0.0708587660168217"
"0.296974660990041","3504.66055523282","59.4480018615723","0.0708470557354332"
"0.297490518364146","3495.67412508839","59.5480003356934","0.0708309225884714"
"0.297992314234024","3482.1364115461","59.6479988098145","0.0708125573839611"
"0.298498803383018","3472.90124260037","59.7480010986328","0.0707986700443888"
"0.298998252613338","3461.86299177018","59.8479995727539","0.0707823489829311"
"0.299521149906117","3450.90377533405","59.9480018615723","0.0707673891557483"
"0.300013559217763","3438.54850414288","60.0480003356934","0.0707472593882891"
"0.300501275250292","3427.74406339511","60.1479988098145","0.0707312087403742"
"0.301017132624397","3417.92382039336","60.2480010986328","0.0707182609732813"
"0.301521275133833","3404.7569098832","60.3479995727539","0.0706986582830666"
"0.302020724364153","3394.2137217158","60.4480018615723","0.0706837855382111"
"0.302513133675799","3381.60049104401","60.5480003356934","0.0706634357732933"
"0.303019622824793","3370.55587355431","60.6479988098145","0.0706475959562763"
"0.303516725415555","3358.48710204159","60.7480010986328","0.0706300144927122"
"0.304013828006316","3346.56234875805","60.8479995727539","0.0706112230431259"
"0.304510930597078","3334.99917782732","60.9480018615723","0.0705928074225314"
"0.305012726466956","3322.46410338966","61.0480003356934","0.0705765413604383"
"0.305521562255508","3310.19291601217","61.1479988098145","0.070555889099015"
"0.306009278288038","3297.70811623073","61.2480010986328","0.0705374413954578"
"0.3065063808788","3285.80334108568","61.3479995727539","0.0705217024106092"
"0.307005830109119","3272.99954970822","61.4480018615723","0.0705004405728945"
"0.307507625978997","3259.71408760697","61.5480003356934","0.0704837253493235"
"0.308004728569759","3247.36628077524","61.6479988098145","0.070463485583135"
"0.308504159466957","3234.47291708451","61.7480010986328","0.0704438828929203"
"0.309017706867747","3221.25331697831","61.8479995727539","0.0704240235390039"
"0.309505404567155","3206.68113103379","61.9480018615723","0.0704010704708264"
"0.310009565409713","3194.0307981048","62.0480003356934","0.0703839702517029"
"0.310504303027795","3180.86520483454","62.1479988098145","0.0703623555013983"
"0.311013120483226","3166.69345981991","62.2480010986328","0.0703411394964874"
"0.311510241407109","3152.60953079869","62.3479995727539","0.0703195018297809"
"0.312002669051876","3138.30606179397","62.4480018615723","0.0702992391471905"
"0.3124950600304","3124.78371605053","62.5480003356934","0.0702781881403735"
"0.312985141035609","3111.82844208446","62.6479988098145","0.0702579896237085"
"0.313498651770156","3096.49225699738","62.7480010986328","0.0702355315498128"
"0.313986386135807","3080.95475374543","62.8479995727539","0.0702112997464073"
"0.314495203591238","3066.72439155521","62.9480018615723","0.070188763756745"
"0.315006367686227","3051.83255539472","63.0480003356934","0.070165627357352"
"0.3155152218079","3035.54071275948","63.1479988098145","0.0701416751340501"
"0.316016999344657","3019.43218601046","63.2480010986328","0.0701195424730618"
"0.316507080349866","3003.49270504873","63.3479995727539","0.0700933948584546"
"0.317025284363529","2986.40700583317","63.4480018615723","0.0700680309847936"
"0.317512982062937","2967.19747681727","63.5480003356934","0.0700398163107319"
"0.318049959193065","1682.24927293484","63.6479988098145","0.0627559937874046"
"0.318636179087669","-25.0750507915146","63.6790008544922","-0.00942850613317592"
