%ArduinoTime [ms],Reference Position [rad],Measured Position [rad],Actual Current [A],Proportional Gain [Kp],Derivative Gain [Kd],Integral Gain [Ki],%4/17/20209:21 AM
0,0,0,0,0,0,0,
358290,0,0,0,100,0,0,
358320,0,0,0,100,0,0,
358320,0,0,0,100,0,0,
358320,0,0,0,100,0,0,
358350,0,0,0,100,0,0,
358350,0,0,0,100,0,0,
358350,0,0,0,100,0,0,
358380,0,0,0,100,0,0,
358380,0,0,0,100,0,0,
358380,0,0,0,100,0,0,
358410,0,0,0,100,0,0,
358410,0,0,0,100,0,0,
358410,0,0,0,100,0,0,
358440,0,0,0,100,0,0,
358440,0,0,0,100,0,0,
358440,0,0,0,100,0,0,
358470,0,0,0,100,0,0,
358470,0,0,0,100,0,0,
358470,0,0,0,100,0,0,
358500,0,0,0,100,0,0,
358500,0,0,0,100,0,0,
358500,0,0,0,100,0,0,
358530,0,0,0,100,0,0,
358530,0,0,0,100,0,0,
358530,0,0,0,100,0,0,
358560,0,0,0,100,0,0,
358560,0,0,0,100,0,0,
358560,0,0,0,100,0,0,
358590,0,0,0,100,0,0,
358590,0,0,0,100,0,0,
358590,0,0,0,100,0,0,
358620,0,0,0,100,0,0,
358620,0,0,0,100,0,0,
358620,0,0,0,100,0,0,
358650,0,0,0,100,0,0,
358650,0,0,0,100,0,0,
358650,0,0,0,100,0,0,
358680,0,0,0,100,0,0,
358680,0,0,0,100,0,0,
358680,0,0,0,100,0,0,
358710,0,0,0,100,0,0,
358710,0,0,0,100,0,0,
358710,0,0,0,100,0,0,
358740,0,0,0,100,0,0,
358740,0,0,0,100,0,0,
358740,0,0,0,100,0,0,
358770,0,0,0,100,0,0,
358770,0,0,0,100,0,0,
358770,0,0,0,100,0,0,
358800,0,0,0,100,0,0,
358800,0,0,0,100,0,0,
358800,0,0,0,100,0,0,
358830,0,0,0,100,0,0,
358830,0,0,0,100,0,0,
358830,0,0,0,100,0,0,
358860,0,0,0,100,0,0,
358860,0,0,0,100,0,0,
358860,0,0,0,100,0,0,
358890,0,0,0,100,0,0,
358890,0,0,0,100,0,0,
358890,0,0,0,100,0,0,
358920,0,0,0,100,0,0,
358920,0,0,0,100,0,0,
358920,0,0,0,100,0,0,
358950,0,0,0,100,0,0,
358950,0,0,0,100,0,0,
358950,0,0,0,100,0,0,
358980,0,0,0,100,0,0,
358980,0,0,0,100,0,0,
358980,0,0,0,100,0,0,
359010,0,0,0,100,0,0,
359010,0,0,0,100,0,0,
359010,0,0,0,100,0,0,
359040,0,0,0,100,0,0,
359040,0,0,0,100,0,0,
359040,0,0,0,100,0,0,
359070,0,0,-0.016,100,0,0,
359070,0,0,-0.016,100,0,0,
359070,0,0,-0.016,100,0,0,
359100,0,0,-0.016,100,0,0,
359100,0,0,-0.016,100,0,0,
359100,0,0,-0.016,100,0,0,
359130,0,0,-0.016,100,0,0,
359130,0,0,-0.016,100,0,0,
359130,0,0,-0.016,100,0,0,
359160,0,0,-0.016,100,0,0,
359160,0,0,-0.016,100,0,0,
359160,0,0,-0.016,100,0,0,
359190,0,0,-0.016,100,0,0,
359190,0,0,-0.016,100,0,0,
359190,0,0,-0.016,100,0,0,
359220,0,0,-0.016,100,0,0,
359220,0,0,-0.016,100,0,0,
359220,0,0,-0.016,100,0,0,
359250,0,0,-0.016,100,0,0,
359250,0,0,-0.016,100,0,0,
359250,0,0,-0.016,100,0,0,
359280,0,0,-0.016,100,0,0,
359280,0,0,-0.016,100,0,0,
359280,0,0,-0.016,100,0,0,
359310,0,0,-0.016,100,0,0,
359310,0,0,-0.016,100,0,0,
359310,0,0,-0.016,100,0,0,
359340,0,0,-0.016,100,0,0,
359340,0,0,-0.016,100,0,0,
359340,0,0,-0.016,100,0,0,
359370,0,0,-0.016,100,0,0,
359370,0,0,-0.016,100,0,0,
359370,0,0,-0.016,100,0,0,
359400,0,0,-0.016,100,0,0,
359400,0,0,-0.016,100,0,0,
359400,0,0,-0.016,100,0,0,
359430,0,0,-0.016,100,0,0,
359430,0,0,-0.016,100,0,0,
359430,0,0,-0.016,100,0,0,
359460,0,0,-0.016,100,0,0,
359460,0,0,-0.016,100,0,0,
359460,0,0,-0.016,100,0,0,
359490,0,0,-0.016,100,0,0,
359490,0,0,-0.016,100,0,0,
359490,0,0,-0.016,100,0,0,
359520,0,0,-0.016,100,0,0,
359520,0,0,-0.016,100,0,0,
359520,0,0,-0.016,100,0,0,
359550,0,0,-0.016,100,0,0,
359550,0,0,-0.016,100,0,0,
359550,0,0,-0.016,100,0,0,
359580,0,0,-0.016,100,0,0,
359580,0,0,-0.016,100,0,0,
359580,0,0,-0.016,100,0,0,
359610,0,0,-0.016,100,0,0,
359610,0,0,-0.016,100,0,0,
359610,0,0,-0.016,100,0,0,
359640,0,0,-0.016,100,0,0,
359640,0,0,-0.016,100,0,0,
359640,0,0,-0.016,100,0,0,
359670,0,0,-0.016,100,0,0,
359670,0,0,-0.016,100,0,0,
359670,0,0,-0.016,100,0,0,
359700,0,0,-0.016,100,0,0,
359700,0,0,-0.016,100,0,0,
359700,0,0,-0.016,100,0,0,
359730,0,0,-0.016,100,0,0,
359730,0,0,-0.016,100,0,0,
359730,0,0,-0.016,100,0,0,
359760,0,0,-0.016,100,0,0,
359760,0,0,-0.016,100,0,0,
359760,0,0,-0.016,100,0,0,
359790,0,0,-0.016,100,0,0,
359790,0,0,-0.016,100,0,0,
359790,0,0,-0.016,100,0,0,
359820,0,0,-0.016,100,0,0,
359820,0,0,-0.016,100,0,0,
359820,0,0,-0.016,100,0,0,
359850,0,0,-0.016,100,0,0,
359850,0,0,-0.016,100,0,0,
359850,0,0,-0.016,100,0,0,
359880,0,0,-0.016,100,0,0,
359880,0,0,-0.016,100,0,0,
359880,0,0,-0.016,100,0,0,
359910,0,0,-0.016,100,0,0,
359910,0,0,-0.016,100,0,0,
359910,0,0,-0.016,100,0,0,
359940,0,0,-0.016,100,0,0,
359940,0,0,-0.016,100,0,0,
359940,0,0,-0.016,100,0,0,
359970,0,0,-0.016,100,0,0,
359970,0,0,-0.016,100,0,0,
359970,0,0,-0.016,100,0,0,
360000,0,0,-0.016,100,0,0,
360000,0,0,-0.016,100,0,0,
360000,0,0,-0.016,100,0,0,
360030,0,0,-0.016,100,0,0,
360030,0,0,-0.016,100,0,0,
360030,0,0,-0.016,100,0,0,
360060,0,0,-0.016,100,0,0,
360060,0,0,-0.016,100,0,0,
360060,0,0,-0.016,100,0,0,
360090,0,0,-0.016,100,0,0,
360090,0,0,-0.016,100,0,0,
360090,0,0,-0.016,100,0,0,
360120,0,0,-0.016,100,0,0,
360120,0,0,-0.016,100,0,0,
360120,0,0,-0.016,100,0,0,
360150,0,0,-0.016,100,0,0,
360150,0,0,-0.016,100,0,0,
360150,0,0,-0.016,100,0,0,
360180,0,0,-0.016,100,0,0,
360180,0,0,-0.016,100,0,0,
360180,0,0,-0.016,100,0,0,
360210,0,0,-0.016,100,0,0,
360210,0,0,-0.016,100,0,0,
360210,0,0,-0.016,100,0,0,
360240,0,0,-0.016,100,0,0,
360240,0,0,-0.016,100,0,0,
360240,0,0,-0.016,100,0,0,
360270,0,0,-0.016,100,0,0,
360270,0,0,-0.016,100,0,0,
360270,0,0,-0.016,100,0,0,
360300,0,0,-0.016,100,0,0,
360300,0,0,-0.016,100,0,0,
360300,0,0,-0.016,100,0,0,
360330,0,0,-0.016,100,0,0,
360330,0,0,-0.016,100,0,0,
360330,0,0,-0.016,100,0,0,
360360,0,0,-0.016,100,0,0,
360360,0,0,-0.016,100,0,0,
360360,0,0,-0.016,100,0,0,
360390,0,0,-0.016,100,0,0,
360390,0,0,-0.016,100,0,0,
360390,0,0,-0.016,100,0,0,
360420,0,0,-0.016,100,0,0,
360420,0,0,-0.016,100,0,0,
360420,0,0,-0.016,100,0,0,
360450,0,0,-0.016,100,0,0,
360450,0,0,-0.016,100,0,0,
360450,0,0,-0.016,100,0,0,
360480,0,0,-0.016,100,0,0,
360480,0,0,-0.016,100,0,0,
360480,0,0,-0.016,100,0,0,
360510,0,0,-0.016,100,0,0,
360510,0,0,-0.016,100,0,0,
360510,0,0,-0.016,100,0,0,
360540,0,0,-0.016,100,0,0,
360540,0,0,-0.016,100,0,0,
360540,0,0,-0.016,100,0,0,
360570,0,0,-0.016,100,0,0,
360570,0,0,-0.016,100,0,0,
360570,0,0,-0.016,100,0,0,
360600,0,0,-0.016,100,0,0,
360600,0,0,-0.016,100,0,0,
360600,0,0,-0.016,100,0,0,
360630,0,0,-0.016,100,0,0,
360630,0,0,-0.016,100,0,0,
360630,0,0,-0.016,100,0,0,
360660,0,0,-0.016,100,0,0,
360660,0,0,-0.016,100,0,0,
360660,0,0,-0.016,100,0,0,
360690,0,0,-0.016,100,0,0,
360690,0,0,-0.016,100,0,0,
360690,0,0,-0.016,100,0,0,
360720,0,0,-0.016,100,0,0,
360720,0,0,-0.016,100,0,0,
360720,0,0,-0.016,100,0,0,
360750,0,0,-0.016,100,0,0,
360750,0,0,-0.016,100,0,0,
360750,0,0,-0.016,100,0,0,
360780,0,0,-0.016,100,0,0,
360780,0,0,-0.016,100,0,0,
360780,0,0,-0.016,100,0,0,
360810,0,0,-0.016,100,0,0,
360810,0,0,-0.016,100,0,0,
360810,0,0,-0.016,100,0,0,
360840,0,0,-0.016,100,0,0,
360840,0,0,-0.016,100,0,0,
360840,0,0,-0.016,100,0,0,
360870,0,0,-0.016,100,0,0,
360870,0,0,-0.016,100,0,0,
360870,0,0,-0.016,100,0,0,
360900,0,0,-0.016,100,0,0,
360900,0,0,-0.016,100,0,0,
360900,0,0,-0.016,100,0,0,
360930,0,0,-0.016,100,0,0,
360930,0,0,-0.016,100,0,0,
360930,0,0,-0.016,100,0,0,
360960,0,0,-0.016,100,0,0,
360960,0,0,-0.016,100,0,0,
360960,0,0,-0.016,100,0,0,
360990,0,0,-0.016,100,0,0,
360990,0,0,-0.016,100,0,0,
360990,0,0,-0.016,100,0,0,
361020,0,0,-0.016,100,0,0,
361020,0,0,-0.016,100,0,0,
361020,0,0,-0.016,100,0,0,
361050,0,0,-0.016,100,0,0,
361050,0,0,-0.016,100,0,0,
361050,0,0,-0.016,100,0,0,
361080,0,0,-0.016,100,0,0,
361080,0,0,-0.016,100,0,0,
361080,0,0,-0.016,100,0,0,
361110,0,0,-0.016,100,0,0,
361110,0,0,-0.016,100,0,0,
361110,0,0,-0.016,100,0,0,
361140,0,0,-0.016,100,0,0,
361140,0,0,-0.016,100,0,0,
361140,0,0,-0.016,100,0,0,
361170,0,0,-0.016,100,0,0,
361170,0,0,-0.016,100,0,0,
361170,0,0,-0.016,100,0,0,
361200,0,0,-0.016,100,0,0,
361200,0,0,-0.016,100,0,0,
361200,0,0,-0.016,100,0,0,
361230,0,0,-0.016,100,0,0,
361230,0,0,-0.016,100,0,0,
361230,0,0,-0.016,100,0,0,
361260,0,0,-0.016,100,0,0,
361260,0,0,-0.016,100,0,0,
361260,0,0,-0.016,100,0,0,
361290,0,0,-0.016,100,0,0,
361290,0,0,-0.016,100,0,0,
361290,0,0,-0.016,100,0,0,
361320,0,-0.01,0,100,0,0,
361320,0,-0.01,0,100,0,0,
361320,0,-0.01,0,100,0,0,
361350,0,-0.03,0.047,100,0,0,
361350,0,-0.03,0.047,100,0,0,
361350,0,-0.03,0.047,100,0,0,
361380,0,-0.06,0.125,100,0,0,
361380,0,-0.06,0.125,100,0,0,
361380,0,-0.06,0.125,100,0,0,
361410,0,-0.1,0.219,100,0,0,
361410,0,-0.1,0.219,100,0,0,
361410,0,-0.1,0.219,100,0,0,
361440,0,-0.14,0.312,100,0,0,
361440,0,-0.14,0.312,100,0,0,
361440,0,-0.14,0.312,100,0,0,
361470,0,-0.18,0.391,100,0,0,
361470,0,-0.18,0.391,100,0,0,
361470,0,-0.18,0.391,100,0,0,
361500,0,-0.21,0.484,100,0,0,
361500,0,-0.21,0.484,100,0,0,
361500,0,-0.21,0.484,100,0,0,
361530,0,-0.24,0.562,100,0,0,
361530,0,-0.24,0.562,100,0,0,
361530,0,-0.24,0.562,100,0,0,
361560,0,-0.27,0.625,100,0,0,
361560,0,-0.27,0.625,100,0,0,
361560,0,-0.27,0.625,100,0,0,
361590,0,-0.3,0.687,100,0,0,
361590,0,-0.3,0.687,100,0,0,
361590,0,-0.3,0.687,100,0,0,
361620,0,-0.32,0.734,100,0,0,
361620,0,-0.32,0.734,100,0,0,
361620,0,-0.32,0.734,100,0,0,
361650,0,-0.33,0.781,100,0,0,
361650,0,-0.33,0.781,100,0,0,
361650,0,-0.33,0.781,100,0,0,
361680,0,-0.34,0.797,100,0,0,
361680,0,-0.34,0.797,100,0,0,
361680,0,-0.34,0.797,100,0,0,
361710,0,-0.35,0.812,100,0,0,
361710,0,-0.35,0.812,100,0,0,
361710,0,-0.35,0.812,100,0,0,
361740,0,-0.35,0.812,100,0,0,
361740,0,-0.35,0.812,100,0,0,
361740,0,-0.35,0.812,100,0,0,
361770,0,-0.34,0.797,100,0,0,
361770,0,-0.34,0.797,100,0,0,
361770,0,-0.34,0.797,100,0,0,
361800,0,-0.33,0.766,100,0,0,
361800,0,-0.33,0.766,100,0,0,
361800,0,-0.33,0.766,100,0,0,
361830,0,-0.31,0.719,100,0,0,
361830,0,-0.31,0.719,100,0,0,
361830,0,-0.31,0.719,100,0,0,
361860,0,-0.29,0.672,100,0,0,
361860,0,-0.29,0.672,100,0,0,
361860,0,-0.29,0.672,100,0,0,
361890,0,-0.26,0.609,100,0,0,
361890,0,-0.26,0.609,100,0,0,
361890,0,-0.26,0.609,100,0,0,
361920,0,-0.23,0.547,100,0,0,
361920,0,-0.23,0.547,100,0,0,
361920,0,-0.23,0.547,100,0,0,
361950,0,-0.2,0.469,100,0,0,
361950,0,-0.2,0.469,100,0,0,
361950,0,-0.2,0.469,100,0,0,
361980,0,-0.17,0.375,100,0,0,
361980,0,-0.17,0.375,100,0,0,
361980,0,-0.17,0.375,100,0,0,
362010,0,-0.13,0.297,100,0,0,
362010,0,-0.13,0.297,100,0,0,
362010,0,-0.13,0.297,100,0,0,
362040,0,-0.09,0.203,100,0,0,
362040,0,-0.09,0.203,100,0,0,
362040,0,-0.09,0.203,100,0,0,
362070,0,-0.05,0.109,100,0,0,
362070,0,-0.05,0.109,100,0,0,
362070,0,-0.05,0.109,100,0,0,
362100,0,-0.01,0.016,100,0,0,
362100,0,-0.01,0.016,100,0,0,
362100,0,-0.01,0.016,100,0,0,
362130,0,0.03,-0.078,100,0,0,
362130,0,0.03,-0.078,100,0,0,
362130,0,0.03,-0.078,100,0,0,
362160,0,0.07,-0.172,100,0,0,
362160,0,0.07,-0.172,100,0,0,
362160,0,0.07,-0.172,100,0,0,
362190,0,0.1,-0.266,100,0,0,
362190,0,0.1,-0.266,100,0,0,
362190,0,0.1,-0.266,100,0,0,
362220,0,0.14,-0.344,100,0,0,
362220,0,0.14,-0.344,100,0,0,
362220,0,0.14,-0.344,100,0,0,
362250,0,0.17,-0.406,100,0,0,
362250,0,0.17,-0.406,100,0,0,
362250,0,0.17,-0.406,100,0,0,
362280,0,0.19,-0.469,100,0,0,
362280,0,0.19,-0.469,100,0,0,
362280,0,0.19,-0.469,100,0,0,
362310,0,0.21,-0.531,100,0,0,
362310,0,0.21,-0.531,100,0,0,
362310,0,0.21,-0.531,100,0,0,
362340,0,0.23,-0.562,100,0,0,
362340,0,0.23,-0.562,100,0,0,
362340,0,0.23,-0.562,100,0,0,
362370,0,0.24,-0.594,100,0,0,
362370,0,0.24,-0.594,100,0,0,
362370,0,0.24,-0.594,100,0,0,
362400,0,0.25,-0.609,100,0,0,
362400,0,0.25,-0.609,100,0,0,
362400,0,0.25,-0.609,100,0,0,
362430,0,0.25,-0.625,100,0,0,
362430,0,0.25,-0.625,100,0,0,
362430,0,0.25,-0.625,100,0,0,
362460,0,0.25,-0.609,100,0,0,
362460,0,0.25,-0.609,100,0,0,
362460,0,0.25,-0.609,100,0,0,
362490,0,0.24,-0.594,100,0,0,
362490,0,0.24,-0.594,100,0,0,
362490,0,0.24,-0.594,100,0,0,
362520,0,0.22,-0.547,100,0,0,
362520,0,0.22,-0.547,100,0,0,
362520,0,0.22,-0.547,100,0,0,
362550,0,0.2,-0.5,100,0,0,
362550,0,0.2,-0.5,100,0,0,
362550,0,0.2,-0.5,100,0,0,
362580,0,0.18,-0.453,100,0,0,
362580,0,0.18,-0.453,100,0,0,
362580,0,0.18,-0.453,100,0,0,
362610,0,0.15,-0.391,100,0,0,
362610,0,0.15,-0.391,100,0,0,
362610,0,0.15,-0.391,100,0,0,
362640,0,0.12,-0.312,100,0,0,
362640,0,0.12,-0.312,100,0,0,
362640,0,0.12,-0.312,100,0,0,
362670,0,0.09,-0.234,100,0,0,
362670,0,0.09,-0.234,100,0,0,
362670,0,0.09,-0.234,100,0,0,
362700,0,0.05,-0.156,100,0,0,
362700,0,0.05,-0.156,100,0,0,
362700,0,0.05,-0.156,100,0,0,
362730,0,0.02,-0.062,100,0,0,
362730,0,0.02,-0.062,100,0,0,
362730,0,0.02,-0.062,100,0,0,
362760,0,-0.02,0.031,100,0,0,
362760,0,-0.02,0.031,100,0,0,
362760,0,-0.02,0.031,100,0,0,
362790,0,-0.06,0.109,100,0,0,
362790,0,-0.06,0.109,100,0,0,
362790,0,-0.06,0.109,100,0,0,
362820,0,-0.1,0.203,100,0,0,
362820,0,-0.1,0.203,100,0,0,
362820,0,-0.1,0.203,100,0,0,
362850,0,-0.13,0.297,100,0,0,
362850,0,-0.13,0.297,100,0,0,
362850,0,-0.13,0.297,100,0,0,
362880,0,-0.17,0.375,100,0,0,
362880,0,-0.17,0.375,100,0,0,
362880,0,-0.17,0.375,100,0,0,
362910,0,-0.2,0.453,100,0,0,
362910,0,-0.2,0.453,100,0,0,
362910,0,-0.2,0.453,100,0,0,
362940,0,-0.23,0.516,100,0,0,
362940,0,-0.23,0.516,100,0,0,
362940,0,-0.23,0.516,100,0,0,
362970,0,-0.25,0.578,100,0,0,
362970,0,-0.25,0.578,100,0,0,
362970,0,-0.25,0.578,100,0,0,
363000,0,-0.28,0.641,100,0,0,
363000,0,-0.28,0.641,100,0,0,
363000,0,-0.28,0.641,100,0,0,
363030,0,-0.29,0.672,100,0,0,
363030,0,-0.29,0.672,100,0,0,
363030,0,-0.29,0.672,100,0,0,
363060,0,-0.31,0.703,100,0,0,
363060,0,-0.31,0.703,100,0,0,
363060,0,-0.31,0.703,100,0,0,
363090,0,-0.31,0.734,100,0,0,
363090,0,-0.31,0.734,100,0,0,
363090,0,-0.31,0.734,100,0,0,
363120,0,-0.32,0.734,100,0,0,
363120,0,-0.32,0.734,100,0,0,
363120,0,-0.32,0.734,100,0,0,
363150,0,-0.32,0.734,100,0,0,
363150,0,-0.32,0.734,100,0,0,
363150,0,-0.32,0.734,100,0,0,
363180,0,-0.31,0.719,100,0,0,
363180,0,-0.31,0.719,100,0,0,
363180,0,-0.31,0.719,100,0,0,
363210,0,-0.3,0.687,100,0,0,
363210,0,-0.3,0.687,100,0,0,
363210,0,-0.3,0.687,100,0,0,
363240,0,-0.28,0.656,100,0,0,
363240,0,-0.28,0.656,100,0,0,
363240,0,-0.28,0.656,100,0,0,
363270,0,-0.26,0.609,100,0,0,
363270,0,-0.26,0.609,100,0,0,
363270,0,-0.26,0.609,100,0,0,
363300,0,-0.24,0.547,100,0,0,
363300,0,-0.24,0.547,100,0,0,
363300,0,-0.24,0.547,100,0,0,
363330,0,-0.21,0.484,100,0,0,
363330,0,-0.21,0.484,100,0,0,
363330,0,-0.21,0.484,100,0,0,
363360,0,-0.18,0.422,100,0,0,
363360,0,-0.18,0.422,100,0,0,
363360,0,-0.18,0.422,100,0,0,
363390,0,-0.15,0.344,100,0,0,
363390,0,-0.15,0.344,100,0,0,
363390,0,-0.15,0.344,100,0,0,
363420,0,-0.12,0.266,100,0,0,
363420,0,-0.12,0.266,100,0,0,
363420,0,-0.12,0.266,100,0,0,
363450,0,-0.08,0.172,100,0,0,
363450,0,-0.08,0.172,100,0,0,
363450,0,-0.08,0.172,100,0,0,
363480,0,-0.05,0.094,100,0,0,
363480,0,-0.05,0.094,100,0,0,
363480,0,-0.05,0.094,100,0,0,
363510,0,-0.01,0.016,100,0,0,
363510,0,-0.01,0.016,100,0,0,
363510,0,-0.01,0.016,100,0,0,
363540,0,0.02,-0.078,100,0,0,
363540,0,0.02,-0.078,100,0,0,
363540,0,0.02,-0.078,100,0,0,
363570,0,0.06,-0.156,100,0,0,
363570,0,0.06,-0.156,100,0,0,
363570,0,0.06,-0.156,100,0,0,
363600,0,0.09,-0.234,100,0,0,
363600,0,0.09,-0.234,100,0,0,
363600,0,0.09,-0.234,100,0,0,
363630,0,0.12,-0.297,100,0,0,
363630,0,0.12,-0.297,100,0,0,
363630,0,0.12,-0.297,100,0,0,
363660,0,0.15,-0.359,100,0,0,
363660,0,0.15,-0.359,100,0,0,
363660,0,0.15,-0.359,100,0,0,
363690,0,0.17,-0.422,100,0,0,
363690,0,0.17,-0.422,100,0,0,
363690,0,0.17,-0.422,100,0,0,
363720,0,0.19,-0.469,100,0,0,
363720,0,0.19,-0.469,100,0,0,
363720,0,0.19,-0.469,100,0,0,
363750,0,0.2,-0.5,100,0,0,
363750,0,0.2,-0.5,100,0,0,
363750,0,0.2,-0.5,100,0,0,
363780,0,0.21,-0.531,100,0,0,
363780,0,0.21,-0.531,100,0,0,
363780,0,0.21,-0.531,100,0,0,
363810,0,0.22,-0.547,100,0,0,
363810,0,0.22,-0.547,100,0,0,
363810,0,0.22,-0.547,100,0,0,
363840,0,0.22,-0.547,100,0,0,
363840,0,0.22,-0.547,100,0,0,
363840,0,0.22,-0.547,100,0,0,
363870,0,0.22,-0.531,100,0,0,
363870,0,0.22,-0.531,100,0,0,
363870,0,0.22,-0.531,100,0,0,
363900,0,0.21,-0.516,100,0,0,
363900,0,0.21,-0.516,100,0,0,
363900,0,0.21,-0.516,100,0,0,
363930,0,0.2,-0.484,100,0,0,
363930,0,0.2,-0.484,100,0,0,
363930,0,0.2,-0.484,100,0,0,
363960,0,0.18,-0.453,100,0,0,
363960,0,0.18,-0.453,100,0,0,
363960,0,0.18,-0.453,100,0,0,
363990,0,0.16,-0.406,100,0,0,
363990,0,0.16,-0.406,100,0,0,
363990,0,0.16,-0.406,100,0,0,
364020,0,0.13,-0.344,100,0,0,
364020,0,0.13,-0.344,100,0,0,
364020,0,0.13,-0.344,100,0,0,
364050,0,0.11,-0.281,100,0,0,
364050,0,0.11,-0.281,100,0,0,
364050,0,0.11,-0.281,100,0,0,
364080,0,0.08,-0.203,100,0,0,
364080,0,0.08,-0.203,100,0,0,
364080,0,0.08,-0.203,100,0,0,
364105,0,0.05,-0.141,100,0,0,
364105,0,0.05,-0.141,100,0,0,
364105,0,0.05,-0.141,100,0,0,
364140,0,0.01,-0.062,100,0,0,
364140,0,0.01,-0.062,100,0,0,
364140,0,0.01,-0.062,100,0,0,
364170,0,-0.02,0.016,100,0,0,
364170,0,-0.02,0.016,100,0,0,
364170,0,-0.02,0.016,100,0,0,
364200,0,-0.05,0.109,100,0,0,
364200,0,-0.05,0.109,100,0,0,
364200,0,-0.05,0.109,100,0,0,
364230,0,-0.09,0.187,100,0,0,
364230,0,-0.09,0.187,100,0,0,
364230,0,-0.09,0.187,100,0,0,
364255,0,-0.11,0.25,100,0,0,
364255,0,-0.11,0.25,100,0,0,
364255,0,-0.11,0.25,100,0,0,
364290,0,-0.15,0.344,100,0,0,
364290,0,-0.15,0.344,100,0,0,
364290,0,-0.15,0.344,100,0,0,
364315,0,-0.18,0.391,100,0,0,
364315,0,-0.18,0.391,100,0,0,
364315,0,-0.18,0.391,100,0,0,
364345,0,-0.2,0.453,100,0,0,
364345,0,-0.2,0.453,100,0,0,
364345,0,-0.2,0.453,100,0,0,
364380,0,-0.23,0.531,100,0,0,
364380,0,-0.23,0.531,100,0,0,
364380,0,-0.23,0.531,100,0,0,
364405,0,-0.25,0.562,100,0,0,
364405,0,-0.25,0.562,100,0,0,
364405,0,-0.25,0.562,100,0,0,
364435,0,-0.26,0.609,100,0,0,
364435,0,-0.26,0.609,100,0,0,
364435,0,-0.26,0.609,100,0,0,
364470,0,-0.28,0.641,100,0,0,
364470,0,-0.28,0.641,100,0,0,
364470,0,-0.28,0.641,100,0,0,
364500,0,-0.29,0.656,100,0,0,
364500,0,-0.29,0.656,100,0,0,
364500,0,-0.29,0.656,100,0,0,
364525,0,-0.29,0.672,100,0,0,
364525,0,-0.29,0.672,100,0,0,
364525,0,-0.29,0.672,100,0,0,
364560,0,-0.29,0.672,100,0,0,
364560,0,-0.29,0.672,100,0,0,
364560,0,-0.29,0.672,100,0,0,
364585,0,-0.28,0.656,100,0,0,
364585,0,-0.28,0.656,100,0,0,
364585,0,-0.28,0.656,100,0,0,
364620,0,-0.27,0.625,100,0,0,
364620,0,-0.27,0.625,100,0,0,
364620,0,-0.27,0.625,100,0,0,
364650,0,-0.25,0.594,100,0,0,
364650,0,-0.25,0.594,100,0,0,
364650,0,-0.25,0.594,100,0,0,
364675,0,-0.24,0.547,100,0,0,
364675,0,-0.24,0.547,100,0,0,
364675,0,-0.24,0.547,100,0,0,
364705,0,-0.22,0.5,100,0,0,
364705,0,-0.22,0.5,100,0,0,
364705,0,-0.22,0.5,100,0,0,
364740,0,-0.19,0.437,100,0,0,
364740,0,-0.19,0.437,100,0,0,
364740,0,-0.19,0.437,100,0,0,
364765,0,-0.17,0.375,100,0,0,
364765,0,-0.17,0.375,100,0,0,
364765,0,-0.17,0.375,100,0,0,
364795,0,-0.14,0.312,100,0,0,
364795,0,-0.14,0.312,100,0,0,
364795,0,-0.14,0.312,100,0,0,
364825,0,-0.11,0.234,100,0,0,
364825,0,-0.11,0.234,100,0,0,
364825,0,-0.11,0.234,100,0,0,
364860,0,-0.07,0.156,100,0,0,
364860,0,-0.07,0.156,100,0,0,
364860,0,-0.07,0.156,100,0,0,
364885,0,-0.04,0.094,100,0,0,
364885,0,-0.04,0.094,100,0,0,
364885,0,-0.04,0.094,100,0,0,
364920,0,-0.01,0,100,0,0,
364920,0,-0.01,0,100,0,0,
364920,0,-0.01,0,100,0,0,
364945,0,0.02,-0.062,100,0,0,
364945,0,0.02,-0.062,100,0,0,
364945,0,0.02,-0.062,100,0,0,
364975,0,0.05,-0.141,100,0,0,
364975,0,0.05,-0.141,100,0,0,
364975,0,0.05,-0.141,100,0,0,
365005,0,0.08,-0.203,100,0,0,
365005,0,0.08,-0.203,100,0,0,
365005,0,0.08,-0.203,100,0,0,
365035,0,0.1,-0.266,100,0,0,
365035,0,0.1,-0.266,100,0,0,
365035,0,0.1,-0.266,100,0,0,
365065,0,0.13,-0.312,100,0,0,
365065,0,0.13,-0.312,100,0,0,
365065,0,0.13,-0.312,100,0,0,
365095,0,0.15,-0.375,100,0,0,
365095,0,0.15,-0.375,100,0,0,
365095,0,0.15,-0.375,100,0,0,
365125,0,0.16,-0.406,100,0,0,
365125,0,0.16,-0.406,100,0,0,
365125,0,0.16,-0.406,100,0,0,
365155,0,0.18,-0.437,100,0,0,
365155,0,0.18,-0.437,100,0,0,
365155,0,0.18,-0.437,100,0,0,
365185,0,0.19,-0.469,100,0,0,
365185,0,0.19,-0.469,100,0,0,
365185,0,0.19,-0.469,100,0,0,
365215,0,0.19,-0.469,100,0,0,
365215,0,0.19,-0.469,100,0,0,
365215,0,0.19,-0.469,100,0,0,
365250,0,0.19,-0.484,100,0,0,
365250,0,0.19,-0.484,100,0,0,
365250,0,0.19,-0.484,100,0,0,
365275,0,0.19,-0.469,100,0,0,
365275,0,0.19,-0.469,100,0,0,
365275,0,0.19,-0.469,100,0,0,
365305,0,0.18,-0.453,100,0,0,
365305,0,0.18,-0.453,100,0,0,
365305,0,0.18,-0.453,100,0,0,
365340,0,0.17,-0.422,100,0,0,
365340,0,0.17,-0.422,100,0,0,
365340,0,0.17,-0.422,100,0,0,
365365,0,0.16,-0.391,100,0,0,
365365,0,0.16,-0.391,100,0,0,
365365,0,0.16,-0.391,100,0,0,
365395,0,0.14,-0.344,100,0,0,
365395,0,0.14,-0.344,100,0,0,
365395,0,0.14,-0.344,100,0,0,
365425,0,0.12,-0.297,100,0,0,
365425,0,0.12,-0.297,100,0,0,
365425,0,0.12,-0.297,100,0,0,
365455,0,0.09,-0.25,100,0,0,
365455,0,0.09,-0.25,100,0,0,
365455,0,0.09,-0.25,100,0,0,
365485,0,0.07,-0.187,100,0,0,
365485,0,0.07,-0.187,100,0,0,
365485,0,0.07,-0.187,100,0,0,
365515,0,0.04,-0.109,100,0,0,
365515,0,0.04,-0.109,100,0,0,
365515,0,0.04,-0.109,100,0,0,
365545,0,0.01,-0.047,100,0,0,
365545,0,0.01,-0.047,100,0,0,
365545,0,0.01,-0.047,100,0,0,
365575,0,-0.02,0.031,100,0,0,
365575,0,-0.02,0.031,100,0,0,
365575,0,-0.02,0.031,100,0,0,
365605,0,-0.05,0.094,100,0,0,
365605,0,-0.05,0.094,100,0,0,
365605,0,-0.05,0.094,100,0,0,
365635,0,-0.08,0.172,100,0,0,
365635,0,-0.08,0.172,100,0,0,
365635,0,-0.08,0.172,100,0,0,
365665,0,-0.11,0.234,100,0,0,
365665,0,-0.11,0.234,100,0,0,
365665,0,-0.11,0.234,100,0,0,
365695,0,-0.14,0.297,100,0,0,
365695,0,-0.14,0.297,100,0,0,
365695,0,-0.14,0.297,100,0,0,
365725,0,-0.16,0.359,100,0,0,
365725,0,-0.16,0.359,100,0,0,
365725,0,-0.16,0.359,100,0,0,
365755,0,-0.19,0.422,100,0,0,
365755,0,-0.19,0.422,100,0,0,
365755,0,-0.19,0.422,100,0,0,
365785,0,-0.21,0.469,100,0,0,
365785,0,-0.21,0.469,100,0,0,
365785,0,-0.21,0.469,100,0,0,
365815,0,-0.22,0.516,100,0,0,
365815,0,-0.22,0.516,100,0,0,
365815,0,-0.22,0.516,100,0,0,
365845,0,-0.24,0.547,100,0,0,
365845,0,-0.24,0.547,100,0,0,
365845,0,-0.24,0.547,100,0,0,
365875,0,-0.25,0.578,100,0,0,
365875,0,-0.25,0.578,100,0,0,
365875,0,-0.25,0.578,100,0,0,
365905,0,-0.26,0.594,100,0,0,
365905,0,-0.26,0.594,100,0,0,
365905,0,-0.26,0.594,100,0,0,
365935,0,-0.26,0.594,100,0,0,
365935,0,-0.26,0.594,100,0,0,
365935,0,-0.26,0.594,100,0,0,
365965,0,-0.26,0.594,100,0,0,
365965,0,-0.26,0.594,100,0,0,
365965,0,-0.26,0.594,100,0,0,
365995,0,-0.25,0.578,100,0,0,
365995,0,-0.25,0.578,100,0,0,
365995,0,-0.25,0.578,100,0,0,
366025,0,-0.24,0.562,100,0,0,
366025,0,-0.24,0.562,100,0,0,
366025,0,-0.24,0.562,100,0,0,
366055,0,-0.23,0.531,100,0,0,
366055,0,-0.23,0.531,100,0,0,
366055,0,-0.23,0.531,100,0,0,
366085,0,-0.21,0.484,100,0,0,
366085,0,-0.21,0.484,100,0,0,
366085,0,-0.21,0.484,100,0,0,
366115,0,-0.2,0.453,100,0,0,
366115,0,-0.2,0.453,100,0,0,
366115,0,-0.2,0.453,100,0,0,
366145,0,-0.17,0.391,100,0,0,
366145,0,-0.17,0.391,100,0,0,
366145,0,-0.17,0.391,100,0,0,
366175,0,-0.15,0.344,100,0,0,
366175,0,-0.15,0.344,100,0,0,
366175,0,-0.15,0.344,100,0,0,
366205,0,-0.13,0.281,100,0,0,
366205,0,-0.13,0.281,100,0,0,
366205,0,-0.13,0.281,100,0,0,
366235,0,-0.1,0.219,100,0,0,
366235,0,-0.1,0.219,100,0,0,
366235,0,-0.1,0.219,100,0,0,
366265,0,-0.07,0.156,100,0,0,
366265,0,-0.07,0.156,100,0,0,
366265,0,-0.07,0.156,100,0,0,
366295,0,-0.04,0.094,100,0,0,
366295,0,-0.04,0.094,100,0,0,
366295,0,-0.04,0.094,100,0,0,
366325,0,-0.02,0.016,100,0,0,
366325,0,-0.02,0.016,100,0,0,
366325,0,-0.02,0.016,100,0,0,
366355,0,0.01,-0.047,100,0,0,
366355,0,0.01,-0.047,100,0,0,
366355,0,0.01,-0.047,100,0,0,
366385,0,0.04,-0.109,100,0,0,
366385,0,0.04,-0.109,100,0,0,
366385,0,0.04,-0.109,100,0,0,
366415,0,0.06,-0.156,100,0,0,
366415,0,0.06,-0.156,100,0,0,
366415,0,0.06,-0.156,100,0,0,
366445,0,0.08,-0.219,100,0,0,
366445,0,0.08,-0.219,100,0,0,
366445,0,0.08,-0.219,100,0,0,
366475,0,0.1,-0.266,100,0,0,
366475,0,0.1,-0.266,100,0,0,
366475,0,0.1,-0.266,100,0,0,
366505,0,0.12,-0.312,100,0,0,
366505,0,0.12,-0.312,100,0,0,
366505,0,0.12,-0.312,100,0,0,
366535,0,0.14,-0.344,100,0,0,
366535,0,0.14,-0.344,100,0,0,
366535,0,0.14,-0.344,100,0,0,
366565,0,0.15,-0.375,100,0,0,
366565,0,0.15,-0.375,100,0,0,
366565,0,0.15,-0.375,100,0,0,
366595,0,0.15,-0.391,100,0,0,
366595,0,0.15,-0.391,100,0,0,
366595,0,0.15,-0.391,100,0,0,
366625,0,0.16,-0.391,100,0,0,
366625,0,0.16,-0.391,100,0,0,
366625,0,0.16,-0.391,100,0,0,
366655,0,0.16,-0.391,100,0,0,
366655,0,0.16,-0.391,100,0,0,
366655,0,0.16,-0.391,100,0,0,
366685,0,0.15,-0.391,100,0,0,
366685,0,0.15,-0.391,100,0,0,
366685,0,0.15,-0.391,100,0,0,
366715,0,0.15,-0.375,100,0,0,
366715,0,0.15,-0.375,100,0,0,
366715,0,0.15,-0.375,100,0,0,
366745,0,0.14,-0.344,100,0,0,
366745,0,0.14,-0.344,100,0,0,
366745,0,0.14,-0.344,100,0,0,
366775,0,0.12,-0.312,100,0,0,
366775,0,0.12,-0.312,100,0,0,
366775,0,0.12,-0.312,100,0,0,
366805,0,0.1,-0.266,100,0,0,
366805,0,0.1,-0.266,100,0,0,
366805,0,0.1,-0.266,100,0,0,
366835,0,0.09,-0.219,100,0,0,
366835,0,0.09,-0.219,100,0,0,
366835,0,0.09,-0.219,100,0,0,
366865,0,0.06,-0.172,100,0,0,
366865,0,0.06,-0.172,100,0,0,
366865,0,0.06,-0.172,100,0,0,
366895,0,0.04,-0.125,100,0,0,
366895,0,0.04,-0.125,100,0,0,
366895,0,0.04,-0.125,100,0,0,
366925,0,0.02,-0.062,100,0,0,
366925,0,0.02,-0.062,100,0,0,
366925,0,0.02,-0.062,100,0,0,
366955,0,-0.01,0,100,0,0,
366955,0,-0.01,0,100,0,0,
366955,0,-0.01,0,100,0,0,
366985,0,-0.03,0.062,100,0,0,
366985,0,-0.03,0.062,100,0,0,
366985,0,-0.03,0.062,100,0,0,
367015,0,-0.06,0.109,100,0,0,
367015,0,-0.06,0.109,100,0,0,
367015,0,-0.06,0.109,100,0,0,
367045,0,-0.08,0.172,100,0,0,
367045,0,-0.08,0.172,100,0,0,
367045,0,-0.08,0.172,100,0,0,
367075,0,-0.11,0.234,100,0,0,
367075,0,-0.11,0.234,100,0,0,
367075,0,-0.11,0.234,100,0,0,
367105,0,-0.13,0.297,100,0,0,
367105,0,-0.13,0.297,100,0,0,
367105,0,-0.13,0.297,100,0,0,
367135,0,-0.15,0.344,100,0,0,
367135,0,-0.15,0.344,100,0,0,
367135,0,-0.15,0.344,100,0,0,
367165,0,-0.17,0.391,100,0,0,
367165,0,-0.17,0.391,100,0,0,
367165,0,-0.17,0.391,100,0,0,
367195,0,-0.19,0.422,100,0,0,
367195,0,-0.19,0.422,100,0,0,
367195,0,-0.19,0.422,100,0,0,
367225,0,-0.2,0.453,100,0,0,
367225,0,-0.2,0.453,100,0,0,
367225,0,-0.2,0.453,100,0,0,
367255,0,-0.21,0.484,100,0,0,
367255,0,-0.21,0.484,100,0,0,
367255,0,-0.21,0.484,100,0,0,
367285,0,-0.22,0.5,100,0,0,
367285,0,-0.22,0.5,100,0,0,
367285,0,-0.22,0.5,100,0,0,
367315,0,-0.22,0.516,100,0,0,
367315,0,-0.22,0.516,100,0,0,
367315,0,-0.22,0.516,100,0,0,
367345,0,-0.23,0.516,100,0,0,
367345,0,-0.23,0.516,100,0,0,
367345,0,-0.23,0.516,100,0,0,
367375,0,-0.22,0.516,100,0,0,
367375,0,-0.22,0.516,100,0,0,
367375,0,-0.22,0.516,100,0,0,
367405,0,-0.22,0.5,100,0,0,
367405,0,-0.22,0.5,100,0,0,
367405,0,-0.22,0.5,100,0,0,
367435,0,-0.21,0.484,100,0,0,
367435,0,-0.21,0.484,100,0,0,
367435,0,-0.21,0.484,100,0,0,
367465,0,-0.2,0.453,100,0,0,
367465,0,-0.2,0.453,100,0,0,
367465,0,-0.2,0.453,100,0,0,
367495,0,-0.19,0.422,100,0,0,
367495,0,-0.19,0.422,100,0,0,
367495,0,-0.19,0.422,100,0,0,
367525,0,-0.17,0.391,100,0,0,
367525,0,-0.17,0.391,100,0,0,
367525,0,-0.17,0.391,100,0,0,
367555,0,-0.15,0.344,100,0,0,
367555,0,-0.15,0.344,100,0,0,
367555,0,-0.15,0.344,100,0,0,
367585,0,-0.13,0.297,100,0,0,
367585,0,-0.13,0.297,100,0,0,
367585,0,-0.13,0.297,100,0,0,
367615,0,-0.11,0.25,100,0,0,
367615,0,-0.11,0.25,100,0,0,
367615,0,-0.11,0.25,100,0,0,
367645,0,-0.09,0.187,100,0,0,
367645,0,-0.09,0.187,100,0,0,
367645,0,-0.09,0.187,100,0,0,
367675,0,-0.07,0.141,100,0,0,
367675,0,-0.07,0.141,100,0,0,
367675,0,-0.07,0.141,100,0,0,
367705,0,-0.04,0.078,100,0,0,
367705,0,-0.04,0.078,100,0,0,
367705,0,-0.04,0.078,100,0,0,
367735,0,-0.02,0.031,100,0,0,
367735,0,-0.02,0.031,100,0,0,
367735,0,-0.02,0.031,100,0,0,
367765,0,0,-0.031,100,0,0,
367765,0,0,-0.031,100,0,0,
367765,0,0,-0.031,100,0,0,
367795,0,0.02,-0.078,100,0,0,
367795,0,0.02,-0.078,100,0,0,
367795,0,0.02,-0.078,100,0,0,
367825,0,0.04,-0.125,100,0,0,
367825,0,0.04,-0.125,100,0,0,
367825,0,0.04,-0.125,100,0,0,
367855,0,0.06,-0.172,100,0,0,
367855,0,0.06,-0.172,100,0,0,
367855,0,0.06,-0.172,100,0,0,
367885,0,0.08,-0.203,100,0,0,
367885,0,0.08,-0.203,100,0,0,
367885,0,0.08,-0.203,100,0,0,
367915,0,0.09,-0.234,100,0,0,
367915,0,0.09,-0.234,100,0,0,
367915,0,0.09,-0.234,100,0,0,
367945,0,0.1,-0.266,100,0,0,
367945,0,0.1,-0.266,100,0,0,
367945,0,0.1,-0.266,100,0,0,
367975,0,0.11,-0.297,100,0,0,
367975,0,0.11,-0.297,100,0,0,
367975,0,0.11,-0.297,100,0,0,
368005,0,0.12,-0.297,100,0,0,
368005,0,0.12,-0.297,100,0,0,
368005,0,0.12,-0.297,100,0,0,
368035,0,0.12,-0.312,100,0,0,
368035,0,0.12,-0.312,100,0,0,
368035,0,0.12,-0.312,100,0,0,
368065,0,0.12,-0.312,100,0,0,
368065,0,0.12,-0.312,100,0,0,
368065,0,0.12,-0.312,100,0,0,
368095,0,0.12,-0.297,100,0,0,
368095,0,0.12,-0.297,100,0,0,
368095,0,0.12,-0.297,100,0,0,
368125,0,0.11,-0.281,100,0,0,
368125,0,0.11,-0.281,100,0,0,
368125,0,0.11,-0.281,100,0,0,
368155,0,0.1,-0.266,100,0,0,
368155,0,0.1,-0.266,100,0,0,
368155,0,0.1,-0.266,100,0,0,
368185,0,0.09,-0.234,100,0,0,
368185,0,0.09,-0.234,100,0,0,
368185,0,0.09,-0.234,100,0,0,
368215,0,0.08,-0.203,100,0,0,
368215,0,0.08,-0.203,100,0,0,
368215,0,0.08,-0.203,100,0,0,
368245,0,0.06,-0.172,100,0,0,
368245,0,0.06,-0.172,100,0,0,
368245,0,0.06,-0.172,100,0,0,
368275,0,0.05,-0.125,100,0,0,
368275,0,0.05,-0.125,100,0,0,
368275,0,0.05,-0.125,100,0,0,
368305,0,0.03,-0.078,100,0,0,
368305,0,0.03,-0.078,100,0,0,
368305,0,0.03,-0.078,100,0,0,
368335,0,0.01,-0.031,100,0,0,
368335,0,0.01,-0.031,100,0,0,
368335,0,0.01,-0.031,100,0,0,
368365,0,-0.01,0.016,100,0,0,
368365,0,-0.01,0.016,100,0,0,
368365,0,-0.01,0.016,100,0,0,
368395,0,-0.03,0.062,100,0,0,
368395,0,-0.03,0.062,100,0,0,
368395,0,-0.03,0.062,100,0,0,
368425,0,-0.05,0.109,100,0,0,
368425,0,-0.05,0.109,100,0,0,
368425,0,-0.05,0.109,100,0,0,
368455,0,-0.08,0.156,100,0,0,
368455,0,-0.08,0.156,100,0,0,
368455,0,-0.08,0.156,100,0,0,
368485,0,-0.09,0.203,100,0,0,
368485,0,-0.09,0.203,100,0,0,
368485,0,-0.09,0.203,100,0,0,
368515,0,-0.11,0.25,100,0,0,
368515,0,-0.11,0.25,100,0,0,
368515,0,-0.11,0.25,100,0,0,
368545,0,-0.13,0.281,100,0,0,
368545,0,-0.13,0.281,100,0,0,
368545,0,-0.13,0.281,100,0,0,
368575,0,-0.15,0.328,100,0,0,
368575,0,-0.15,0.328,100,0,0,
368575,0,-0.15,0.328,100,0,0,
368605,0,-0.16,0.359,100,0,0,
368605,0,-0.16,0.359,100,0,0,
368605,0,-0.16,0.359,100,0,0,
368635,0,-0.17,0.375,100,0,0,
368635,0,-0.17,0.375,100,0,0,
368635,0,-0.17,0.375,100,0,0,
368665,0,-0.18,0.406,100,0,0,
368665,0,-0.18,0.406,100,0,0,
368665,0,-0.18,0.406,100,0,0,
368695,0,-0.18,0.406,100,0,0,
368695,0,-0.18,0.406,100,0,0,
368695,0,-0.18,0.406,100,0,0,
368725,0,-0.18,0.422,100,0,0,
368725,0,-0.18,0.422,100,0,0,
368725,0,-0.18,0.422,100,0,0,
368755,0,-0.18,0.422,100,0,0,
368755,0,-0.18,0.422,100,0,0,
368755,0,-0.18,0.422,100,0,0,
368785,0,-0.18,0.406,100,0,0,
368785,0,-0.18,0.406,100,0,0,
368785,0,-0.18,0.406,100,0,0,
368815,0,-0.18,0.406,100,0,0,
368815,0,-0.18,0.406,100,0,0,
368815,0,-0.18,0.406,100,0,0,
368845,0,-0.17,0.375,100,0,0,
368845,0,-0.17,0.375,100,0,0,
368845,0,-0.17,0.375,100,0,0,
368875,0,-0.16,0.359,100,0,0,
368875,0,-0.16,0.359,100,0,0,
368875,0,-0.16,0.359,100,0,0,
368905,0,-0.14,0.328,100,0,0,
368905,0,-0.14,0.328,100,0,0,
368905,0,-0.14,0.328,100,0,0,
368935,0,-0.13,0.297,100,0,0,
368935,0,-0.13,0.297,100,0,0,
368935,0,-0.13,0.297,100,0,0,
368965,0,-0.11,0.25,100,0,0,
368965,0,-0.11,0.25,100,0,0,
368965,0,-0.11,0.25,100,0,0,
368995,0,-0.1,0.219,100,0,0,
368995,0,-0.1,0.219,100,0,0,
368995,0,-0.1,0.219,100,0,0,
369025,0,-0.08,0.172,100,0,0,
369025,0,-0.08,0.172,100,0,0,
369025,0,-0.08,0.172,100,0,0,
369055,0,-0.06,0.125,100,0,0,
369055,0,-0.06,0.125,100,0,0,
369055,0,-0.06,0.125,100,0,0,
369085,0,-0.05,0.094,100,0,0,
369085,0,-0.05,0.094,100,0,0,
369085,0,-0.05,0.094,100,0,0,
369115,0,-0.03,0.047,100,0,0,
369115,0,-0.03,0.047,100,0,0,
369115,0,-0.03,0.047,100,0,0,
369145,0,-0.01,0,100,0,0,
369145,0,-0.01,0,100,0,0,
369145,0,-0.01,0,100,0,0,
369175,0,0.01,-0.031,100,0,0,
369175,0,0.01,-0.031,100,0,0,
369175,0,0.01,-0.031,100,0,0,
369205,0,0.02,-0.078,100,0,0,
369205,0,0.02,-0.078,100,0,0,
369205,0,0.02,-0.078,100,0,0,
369235,0,0.04,-0.109,100,0,0,
369235,0,0.04,-0.109,100,0,0,
369235,0,0.04,-0.109,100,0,0,
369265,0,0.05,-0.141,100,0,0,
369265,0,0.05,-0.141,100,0,0,
369265,0,0.05,-0.141,100,0,0,
369295,0,0.06,-0.156,100,0,0,
369295,0,0.06,-0.156,100,0,0,
369295,0,0.06,-0.156,100,0,0,
369325,0,0.07,-0.187,100,0,0,
369325,0,0.07,-0.187,100,0,0,
369325,0,0.07,-0.187,100,0,0,
369355,0,0.07,-0.203,100,0,0,
369355,0,0.07,-0.203,100,0,0,
369355,0,0.07,-0.203,100,0,0,
369385,0,0.08,-0.203,100,0,0,
369385,0,0.08,-0.203,100,0,0,
369385,0,0.08,-0.203,100,0,0,
369415,0,0.08,-0.219,100,0,0,
369415,0,0.08,-0.219,100,0,0,
369415,0,0.08,-0.219,100,0,0,
369445,0,0.08,-0.219,100,0,0,
369445,0,0.08,-0.219,100,0,0,
369445,0,0.08,-0.219,100,0,0,
369475,0,0.08,-0.203,100,0,0,
369475,0,0.08,-0.203,100,0,0,
369475,0,0.08,-0.203,100,0,0,
369505,0,0.07,-0.203,100,0,0,
369505,0,0.07,-0.203,100,0,0,
369505,0,0.07,-0.203,100,0,0,
369535,0,0.07,-0.187,100,0,0,
369535,0,0.07,-0.187,100,0,0,
369535,0,0.07,-0.187,100,0,0,
369565,0,0.06,-0.156,100,0,0,
369565,0,0.06,-0.156,100,0,0,
369565,0,0.06,-0.156,100,0,0,
369595,0,0.05,-0.141,100,0,0,
369595,0,0.05,-0.141,100,0,0,
369595,0,0.05,-0.141,100,0,0,
369625,0,0.04,-0.109,100,0,0,
369625,0,0.04,-0.109,100,0,0,
369625,0,0.04,-0.109,100,0,0,
369655,0,0.02,-0.078,100,0,0,
369655,0,0.02,-0.078,100,0,0,
369655,0,0.02,-0.078,100,0,0,
369685,0,0.01,-0.047,100,0,0,
369685,0,0.01,-0.047,100,0,0,
369685,0,0.01,-0.047,100,0,0,
369715,0,0,-0.016,100,0,0,
369715,0,0,-0.016,100,0,0,
369715,0,0,-0.016,100,0,0,
369745,0,-0.02,0.031,100,0,0,
369745,0,-0.02,0.031,100,0,0,
369745,0,-0.02,0.031,100,0,0,
369775,0,-0.04,0.062,100,0,0,
369775,0,-0.04,0.062,100,0,0,
369775,0,-0.04,0.062,100,0,0,
369805,0,-0.05,0.094,100,0,0,
369805,0,-0.05,0.094,100,0,0,
369805,0,-0.05,0.094,100,0,0,
369835,0,-0.07,0.141,100,0,0,
369835,0,-0.07,0.141,100,0,0,
369835,0,-0.07,0.141,100,0,0,
369865,0,-0.08,0.172,100,0,0,
369865,0,-0.08,0.172,100,0,0,
369865,0,-0.08,0.172,100,0,0,
369895,0,-0.09,0.203,100,0,0,
369895,0,-0.09,0.203,100,0,0,
369895,0,-0.09,0.203,100,0,0,
369925,0,-0.11,0.234,100,0,0,
369925,0,-0.11,0.234,100,0,0,
369925,0,-0.11,0.234,100,0,0,
369955,0,-0.12,0.266,100,0,0,
369955,0,-0.12,0.266,100,0,0,
369955,0,-0.12,0.266,100,0,0,
369985,0,-0.13,0.281,100,0,0,
369985,0,-0.13,0.281,100,0,0,
369985,0,-0.13,0.281,100,0,0,
370015,0,-0.14,0.297,100,0,0,
370015,0,-0.14,0.297,100,0,0,
370015,0,-0.14,0.297,100,0,0,
370045,0,-0.14,0.312,100,0,0,
370045,0,-0.14,0.312,100,0,0,
370045,0,-0.14,0.312,100,0,0,
370075,0,-0.14,0.328,100,0,0,
370075,0,-0.14,0.328,100,0,0,
370075,0,-0.14,0.328,100,0,0,
370105,0,-0.15,0.328,100,0,0,
370105,0,-0.15,0.328,100,0,0,
370105,0,-0.15,0.328,100,0,0,
370135,0,-0.15,0.328,100,0,0,
370135,0,-0.15,0.328,100,0,0,
370135,0,-0.15,0.328,100,0,0,
370165,0,-0.14,0.312,100,0,0,
370165,0,-0.14,0.312,100,0,0,
370165,0,-0.14,0.312,100,0,0,
370195,0,-0.14,0.312,100,0,0,
370195,0,-0.14,0.312,100,0,0,
370195,0,-0.14,0.312,100,0,0,
370225,0,-0.13,0.297,100,0,0,
370225,0,-0.13,0.297,100,0,0,
370225,0,-0.13,0.297,100,0,0,
370255,0,-0.12,0.266,100,0,0,
370255,0,-0.12,0.266,100,0,0,
370255,0,-0.12,0.266,100,0,0,
370285,0,-0.11,0.25,100,0,0,
370285,0,-0.11,0.25,100,0,0,
370285,0,-0.11,0.25,100,0,0,
370315,0,-0.1,0.219,100,0,0,
370315,0,-0.1,0.219,100,0,0,
370315,0,-0.1,0.219,100,0,0,
370345,0,-0.09,0.187,100,0,0,
370345,0,-0.09,0.187,100,0,0,
370345,0,-0.09,0.187,100,0,0,
370375,0,-0.08,0.156,100,0,0,
370375,0,-0.08,0.156,100,0,0,
370375,0,-0.08,0.156,100,0,0,
370405,0,-0.06,0.125,100,0,0,
370405,0,-0.06,0.125,100,0,0,
370405,0,-0.06,0.125,100,0,0,
370435,0,-0.05,0.094,100,0,0,
370435,0,-0.05,0.094,100,0,0,
370435,0,-0.05,0.094,100,0,0,
370465,0,-0.04,0.062,100,0,0,
370465,0,-0.04,0.062,100,0,0,
370465,0,-0.04,0.062,100,0,0,
370495,0,-0.02,0.031,100,0,0,
370495,0,-0.02,0.031,100,0,0,
370495,0,-0.02,0.031,100,0,0,
370525,0,-0.01,0.016,100,0,0,
370525,0,-0.01,0.016,100,0,0,
370525,0,-0.01,0.016,100,0,0,
370555,0,0,-0.016,100,0,0,
370555,0,0,-0.016,100,0,0,
370555,0,0,-0.016,100,0,0,
370585,0,0.01,-0.047,100,0,0,
370585,0,0.01,-0.047,100,0,0,
370585,0,0.01,-0.047,100,0,0,
370615,0,0.02,-0.062,100,0,0,
370615,0,0.02,-0.062,100,0,0,
370615,0,0.02,-0.062,100,0,0,
370645,0,0.03,-0.078,100,0,0,
370645,0,0.03,-0.078,100,0,0,
370645,0,0.03,-0.078,100,0,0,
370675,0,0.03,-0.094,100,0,0,
370675,0,0.03,-0.094,100,0,0,
370675,0,0.03,-0.094,100,0,0,
370705,0,0.04,-0.109,100,0,0,
370705,0,0.04,-0.109,100,0,0,
370705,0,0.04,-0.109,100,0,0,
370735,0,0.04,-0.109,100,0,0,
370735,0,0.04,-0.109,100,0,0,
370735,0,0.04,-0.109,100,0,0,
370765,0,0.04,-0.109,100,0,0,
370765,0,0.04,-0.109,100,0,0,
370765,0,0.04,-0.109,100,0,0,
370795,0,0.04,-0.109,100,0,0,
370795,0,0.04,-0.109,100,0,0,
370795,0,0.04,-0.109,100,0,0,
370825,0,0.04,-0.109,100,0,0,
370825,0,0.04,-0.109,100,0,0,
370825,0,0.04,-0.109,100,0,0,
370855,0,0.03,-0.094,100,0,0,
370855,0,0.03,-0.094,100,0,0,
370855,0,0.03,-0.094,100,0,0,
370885,0,0.03,-0.078,100,0,0,
370885,0,0.03,-0.078,100,0,0,
370885,0,0.03,-0.078,100,0,0,
370915,0,0.02,-0.062,100,0,0,
370915,0,0.02,-0.062,100,0,0,
370915,0,0.02,-0.062,100,0,0,
370945,0,0.01,-0.047,100,0,0,
370945,0,0.01,-0.047,100,0,0,
370945,0,0.01,-0.047,100,0,0,
370975,0,0,-0.016,100,0,0,
370975,0,0,-0.016,100,0,0,
370975,0,0,-0.016,100,0,0,
371005,0,-0.01,0,100,0,0,
371005,0,-0.01,0,100,0,0,
371005,0,-0.01,0,100,0,0,
371035,0,-0.02,0.031,100,0,0,
371035,0,-0.02,0.031,100,0,0,
371035,0,-0.02,0.031,100,0,0,
371065,0,-0.03,0.062,100,0,0,
371065,0,-0.03,0.062,100,0,0,
371065,0,-0.03,0.062,100,0,0,
371095,0,-0.04,0.078,100,0,0,
371095,0,-0.04,0.078,100,0,0,
371095,0,-0.04,0.078,100,0,0,
371125,0,-0.05,0.109,100,0,0,
371125,0,-0.05,0.109,100,0,0,
371125,0,-0.05,0.109,100,0,0,
371155,0,-0.06,0.125,100,0,0,
371155,0,-0.06,0.125,100,0,0,
371155,0,-0.06,0.125,100,0,0,
371185,0,-0.07,0.156,100,0,0,
371185,0,-0.07,0.156,100,0,0,
371185,0,-0.07,0.156,100,0,0,
371215,0,-0.08,0.172,100,0,0,
371215,0,-0.08,0.172,100,0,0,
371215,0,-0.08,0.172,100,0,0,
371245,0,-0.09,0.187,100,0,0,
371245,0,-0.09,0.187,100,0,0,
371245,0,-0.09,0.187,100,0,0,
371275,0,-0.1,0.203,100,0,0,
371275,0,-0.1,0.203,100,0,0,
371275,0,-0.1,0.203,100,0,0,
371305,0,-0.1,0.219,100,0,0,
371305,0,-0.1,0.219,100,0,0,
371305,0,-0.1,0.219,100,0,0,
371335,0,-0.11,0.234,100,0,0,
371335,0,-0.11,0.234,100,0,0,
371335,0,-0.11,0.234,100,0,0,
371365,0,-0.11,0.234,100,0,0,
371365,0,-0.11,0.234,100,0,0,
371365,0,-0.11,0.234,100,0,0,
371395,0,-0.11,0.25,100,0,0,
371395,0,-0.11,0.25,100,0,0,
371395,0,-0.11,0.25,100,0,0,
371425,0,-0.11,0.25,100,0,0,
371425,0,-0.11,0.25,100,0,0,
371425,0,-0.11,0.25,100,0,0,
371455,0,-0.11,0.25,100,0,0,
371455,0,-0.11,0.25,100,0,0,
371455,0,-0.11,0.25,100,0,0,
371485,0,-0.11,0.234,100,0,0,
371485,0,-0.11,0.234,100,0,0,
371485,0,-0.11,0.234,100,0,0,
371515,0,-0.1,0.234,100,0,0,
371515,0,-0.1,0.234,100,0,0,
371515,0,-0.1,0.234,100,0,0,
371545,0,-0.1,0.219,100,0,0,
371545,0,-0.1,0.219,100,0,0,
371545,0,-0.1,0.219,100,0,0,
371575,0,-0.09,0.203,100,0,0,
371575,0,-0.09,0.203,100,0,0,
371575,0,-0.09,0.203,100,0,0,
371605,0,-0.09,0.187,100,0,0,
371605,0,-0.09,0.187,100,0,0,
371605,0,-0.09,0.187,100,0,0,
371635,0,-0.08,0.172,100,0,0,
371635,0,-0.08,0.172,100,0,0,
371635,0,-0.08,0.172,100,0,0,
371665,0,-0.07,0.156,100,0,0,
371665,0,-0.07,0.156,100,0,0,
371665,0,-0.07,0.156,100,0,0,
371695,0,-0.06,0.141,100,0,0,
371695,0,-0.06,0.141,100,0,0,
371695,0,-0.06,0.141,100,0,0,
371725,0,-0.06,0.109,100,0,0,
371725,0,-0.06,0.109,100,0,0,
371725,0,-0.06,0.109,100,0,0,
371755,0,-0.05,0.094,100,0,0,
371755,0,-0.05,0.094,100,0,0,
371755,0,-0.05,0.094,100,0,0,
371785,0,-0.04,0.078,100,0,0,
371785,0,-0.04,0.078,100,0,0,
371785,0,-0.04,0.078,100,0,0,
371815,0,-0.03,0.062,100,0,0,
371815,0,-0.03,0.062,100,0,0,
371815,0,-0.03,0.062,100,0,0,
371845,0,-0.02,0.047,100,0,0,
371845,0,-0.02,0.047,100,0,0,
371845,0,-0.02,0.047,100,0,0,
371875,0,-0.02,0.031,100,0,0,
371875,0,-0.02,0.031,100,0,0,
371875,0,-0.02,0.031,100,0,0,
371905,0,-0.01,0.016,100,0,0,
371905,0,-0.01,0.016,100,0,0,
371905,0,-0.01,0.016,100,0,0,
371935,0,-0.01,0,100,0,0,
371935,0,-0.01,0,100,0,0,
371935,0,-0.01,0,100,0,0,
371965,0,0,-0.016,100,0,0,
371965,0,0,-0.016,100,0,0,
371965,0,0,-0.016,100,0,0,
371995,0,0,-0.031,100,0,0,
371995,0,0,-0.031,100,0,0,
371995,0,0,-0.031,100,0,0,
372025,0,0,-0.031,100,0,0,
372025,0,0,-0.031,100,0,0,
372025,0,0,-0.031,100,0,0,
372055,0,0.01,-0.031,100,0,0,
372055,0,0.01,-0.031,100,0,0,
372055,0,0.01,-0.031,100,0,0,
372085,0,0,-0.031,100,0,0,
372085,0,0,-0.031,100,0,0,
372085,0,0,-0.031,100,0,0,
372115,0,0,-0.031,100,0,0,
372115,0,0,-0.031,100,0,0,
372115,0,0,-0.031,100,0,0,
372145,0,0,-0.016,100,0,0,
372145,0,0,-0.016,100,0,0,
372145,0,0,-0.016,100,0,0,
372175,0,0,-0.016,100,0,0,
372175,0,0,-0.016,100,0,0,
372175,0,0,-0.016,100,0,0,
372205,0,-0.01,0,100,0,0,
372205,0,-0.01,0,100,0,0,
372205,0,-0.01,0,100,0,0,
372235,0,-0.01,0.016,100,0,0,
372235,0,-0.01,0.016,100,0,0,
372235,0,-0.01,0.016,100,0,0,
372265,0,-0.02,0.031,100,0,0,
372265,0,-0.02,0.031,100,0,0,
372265,0,-0.02,0.031,100,0,0,
372295,0,-0.03,0.047,100,0,0,
372295,0,-0.03,0.047,100,0,0,
372295,0,-0.03,0.047,100,0,0,
372325,0,-0.03,0.062,100,0,0,
372325,0,-0.03,0.062,100,0,0,
372325,0,-0.03,0.062,100,0,0,
372355,0,-0.04,0.078,100,0,0,
372355,0,-0.04,0.078,100,0,0,
372355,0,-0.04,0.078,100,0,0,
372385,0,-0.05,0.094,100,0,0,
372385,0,-0.05,0.094,100,0,0,
372385,0,-0.05,0.094,100,0,0,
372415,0,-0.05,0.094,100,0,0,
372415,0,-0.05,0.094,100,0,0,
372415,0,-0.05,0.094,100,0,0,
372445,0,-0.06,0.109,100,0,0,
372445,0,-0.06,0.109,100,0,0,
372445,0,-0.06,0.109,100,0,0,
372475,0,-0.06,0.125,100,0,0,
372475,0,-0.06,0.125,100,0,0,
372475,0,-0.06,0.125,100,0,0,
372505,0,-0.06,0.141,100,0,0,
372505,0,-0.06,0.141,100,0,0,
372505,0,-0.06,0.141,100,0,0,
372535,0,-0.07,0.141,100,0,0,
372535,0,-0.07,0.141,100,0,0,
372535,0,-0.07,0.141,100,0,0,
372565,0,-0.07,0.156,100,0,0,
372565,0,-0.07,0.156,100,0,0,
372565,0,-0.07,0.156,100,0,0,
372595,0,-0.07,0.156,100,0,0,
372595,0,-0.07,0.156,100,0,0,
372595,0,-0.07,0.156,100,0,0,
372625,0,-0.07,0.156,100,0,0,
372625,0,-0.07,0.156,100,0,0,
372625,0,-0.07,0.156,100,0,0,
372655,0,-0.07,0.156,100,0,0,
372655,0,-0.07,0.156,100,0,0,
372655,0,-0.07,0.156,100,0,0,
372685,0,-0.07,0.156,100,0,0,
372685,0,-0.07,0.156,100,0,0,
372685,0,-0.07,0.156,100,0,0,
372715,0,-0.07,0.156,100,0,0,
372715,0,-0.07,0.156,100,0,0,
372715,0,-0.07,0.156,100,0,0,
372745,0,-0.07,0.156,100,0,0,
372745,0,-0.07,0.156,100,0,0,
372745,0,-0.07,0.156,100,0,0,
372775,0,-0.07,0.141,100,0,0,
372775,0,-0.07,0.141,100,0,0,
372775,0,-0.07,0.141,100,0,0,
372805,0,-0.07,0.141,100,0,0,
372805,0,-0.07,0.141,100,0,0,
372805,0,-0.07,0.141,100,0,0,
372835,0,-0.06,0.125,100,0,0,
372835,0,-0.06,0.125,100,0,0,
372835,0,-0.06,0.125,100,0,0,
372865,0,-0.06,0.125,100,0,0,
372865,0,-0.06,0.125,100,0,0,
372865,0,-0.06,0.125,100,0,0,
372895,0,-0.05,0.109,100,0,0,
372895,0,-0.05,0.109,100,0,0,
372895,0,-0.05,0.109,100,0,0,
372925,0,-0.05,0.109,100,0,0,
372925,0,-0.05,0.109,100,0,0,
372925,0,-0.05,0.109,100,0,0,
372955,0,-0.05,0.094,100,0,0,
372955,0,-0.05,0.094,100,0,0,
372955,0,-0.05,0.094,100,0,0,
372985,0,-0.04,0.078,100,0,0,
372985,0,-0.04,0.078,100,0,0,
372985,0,-0.04,0.078,100,0,0,
373015,0,-0.04,0.078,100,0,0,
373015,0,-0.04,0.078,100,0,0,
373015,0,-0.04,0.078,100,0,0,
373045,0,-0.03,0.062,100,0,0,
373045,0,-0.03,0.062,100,0,0,
373045,0,-0.03,0.062,100,0,0,
373075,0,-0.03,0.047,100,0,0,
373075,0,-0.03,0.047,100,0,0,
373075,0,-0.03,0.047,100,0,0,
373105,0,-0.03,0.047,100,0,0,
373105,0,-0.03,0.047,100,0,0,
373105,0,-0.03,0.047,100,0,0,
373135,0,-0.02,0.031,100,0,0,
373135,0,-0.02,0.031,100,0,0,
373135,0,-0.02,0.031,100,0,0,
373165,0,-0.02,0.031,100,0,0,
373165,0,-0.02,0.031,100,0,0,
373165,0,-0.02,0.031,100,0,0,
373195,0,-0.02,0.031,100,0,0,
373195,0,-0.02,0.031,100,0,0,
373195,0,-0.02,0.031,100,0,0,
373225,0,-0.02,0.031,100,0,0,
373225,0,-0.02,0.031,100,0,0,
373225,0,-0.02,0.031,100,0,0,
373255,0,-0.02,0.031,100,0,0,
373255,0,-0.02,0.031,100,0,0,
373255,0,-0.02,0.031,100,0,0,
373285,0,-0.02,0.031,100,0,0,
373285,0,-0.02,0.031,100,0,0,
373285,0,-0.02,0.031,100,0,0,
373315,0,-0.02,0.031,100,0,0,
373315,0,-0.02,0.031,100,0,0,
373315,0,-0.02,0.031,100,0,0,
373345,0,-0.02,0.031,100,0,0,
373345,0,-0.02,0.031,100,0,0,
373345,0,-0.02,0.031,100,0,0,
373375,0,-0.02,0.031,100,0,0,
373375,0,-0.02,0.031,100,0,0,
373375,0,-0.02,0.031,100,0,0,
373405,0,-0.02,0.047,100,0,0,
373405,0,-0.02,0.047,100,0,0,
373405,0,-0.02,0.047,100,0,0,
373435,0,-0.03,0.047,100,0,0,
373435,0,-0.03,0.047,100,0,0,
373435,0,-0.03,0.047,100,0,0,
373465,0,-0.03,0.047,100,0,0,
373465,0,-0.03,0.047,100,0,0,
373465,0,-0.03,0.047,100,0,0,
373495,0,-0.03,0.062,100,0,0,
373495,0,-0.03,0.062,100,0,0,
373495,0,-0.03,0.062,100,0,0,
373525,0,-0.04,0.062,100,0,0,
373525,0,-0.04,0.062,100,0,0,
373525,0,-0.04,0.062,100,0,0,
373555,0,-0.04,0.078,100,0,0,
373555,0,-0.04,0.078,100,0,0,
373555,0,-0.04,0.078,100,0,0,
373585,0,-0.04,0.078,100,0,0,
373585,0,-0.04,0.078,100,0,0,
373585,0,-0.04,0.078,100,0,0,
373615,0,-0.04,0.078,100,0,0,
373615,0,-0.04,0.078,100,0,0,
373615,0,-0.04,0.078,100,0,0,
373645,0,-0.05,0.094,100,0,0,
373645,0,-0.05,0.094,100,0,0,
373645,0,-0.05,0.094,100,0,0,
373675,0,-0.05,0.094,100,0,0,
373675,0,-0.05,0.094,100,0,0,
373675,0,-0.05,0.094,100,0,0,
373705,0,-0.05,0.094,100,0,0,
373705,0,-0.05,0.094,100,0,0,
373705,0,-0.05,0.094,100,0,0,
373735,0,-0.05,0.094,100,0,0,
373735,0,-0.05,0.094,100,0,0,
373735,0,-0.05,0.094,100,0,0,
373765,0,-0.05,0.094,100,0,0,
373765,0,-0.05,0.094,100,0,0,
373765,0,-0.05,0.094,100,0,0,
373795,0,-0.05,0.094,100,0,0,
373795,0,-0.05,0.094,100,0,0,
373795,0,-0.05,0.094,100,0,0,
373825,0,-0.05,0.094,100,0,0,
373825,0,-0.05,0.094,100,0,0,
373825,0,-0.05,0.094,100,0,0,
373855,0,-0.05,0.094,100,0,0,
373855,0,-0.05,0.094,100,0,0,
373855,0,-0.05,0.094,100,0,0,
373885,0,-0.05,0.094,100,0,0,
373885,0,-0.05,0.094,100,0,0,
373885,0,-0.05,0.094,100,0,0,
373915,0,-0.05,0.094,100,0,0,
373915,0,-0.05,0.094,100,0,0,
373915,0,-0.05,0.094,100,0,0,
373945,0,-0.04,0.094,100,0,0,
373945,0,-0.04,0.094,100,0,0,
373945,0,-0.04,0.094,100,0,0,
373975,0,-0.04,0.078,100,0,0,
373975,0,-0.04,0.078,100,0,0,
373975,0,-0.04,0.078,100,0,0,
374005,0,-0.04,0.078,100,0,0,
374005,0,-0.04,0.078,100,0,0,
374005,0,-0.04,0.078,100,0,0,
374035,0,-0.04,0.078,100,0,0,
374035,0,-0.04,0.078,100,0,0,
374035,0,-0.04,0.078,100,0,0,
374065,0,-0.04,0.078,100,0,0,
374065,0,-0.04,0.078,100,0,0,
374065,0,-0.04,0.078,100,0,0,
374095,0,-0.04,0.062,100,0,0,
374095,0,-0.04,0.062,100,0,0,
374095,0,-0.04,0.062,100,0,0,
374125,0,-0.03,0.062,100,0,0,
374125,0,-0.03,0.062,100,0,0,
374125,0,-0.03,0.062,100,0,0,
374155,0,-0.03,0.062,100,0,0,
374155,0,-0.03,0.062,100,0,0,
374155,0,-0.03,0.062,100,0,0,
374185,0,-0.03,0.062,100,0,0,
374185,0,-0.03,0.062,100,0,0,
374185,0,-0.03,0.062,100,0,0,
374215,0,-0.03,0.047,100,0,0,
374215,0,-0.03,0.047,100,0,0,
374215,0,-0.03,0.047,100,0,0,
374245,0,-0.03,0.047,100,0,0,
374245,0,-0.03,0.047,100,0,0,
374245,0,-0.03,0.047,100,0,0,
374275,0,-0.03,0.047,100,0,0,
374275,0,-0.03,0.047,100,0,0,
374275,0,-0.03,0.047,100,0,0,
374305,0,-0.03,0.047,100,0,0,
374305,0,-0.03,0.047,100,0,0,
374305,0,-0.03,0.047,100,0,0,
374335,0,-0.03,0.047,100,0,0,
374335,0,-0.03,0.047,100,0,0,
374335,0,-0.03,0.047,100,0,0,
374365,0,-0.03,0.062,100,0,0,
374365,0,-0.03,0.062,100,0,0,
374365,0,-0.03,0.062,100,0,0,
374395,0,-0.03,0.062,100,0,0,
374395,0,-0.03,0.062,100,0,0,
374395,0,-0.03,0.062,100,0,0,
374425,0,-0.03,0.062,100,0,0,
374425,0,-0.03,0.062,100,0,0,
374425,0,-0.03,0.062,100,0,0,
374455,0,-0.03,0.062,100,0,0,
374455,0,-0.03,0.062,100,0,0,
374455,0,-0.03,0.062,100,0,0,
374485,0,-0.04,0.062,100,0,0,
374485,0,-0.04,0.062,100,0,0,
374485,0,-0.04,0.062,100,0,0,
374515,0,-0.04,0.062,100,0,0,
374515,0,-0.04,0.062,100,0,0,
374515,0,-0.04,0.062,100,0,0,
374545,0,-0.04,0.078,100,0,0,
374545,0,-0.04,0.078,100,0,0,
374545,0,-0.04,0.078,100,0,0,
374575,0,-0.04,0.078,100,0,0,
374575,0,-0.04,0.078,100,0,0,
374575,0,-0.04,0.078,100,0,0,
374605,0,-0.04,0.078,100,0,0,
374605,0,-0.04,0.078,100,0,0,
374605,0,-0.04,0.078,100,0,0,
374635,0,-0.04,0.078,100,0,0,
374635,0,-0.04,0.078,100,0,0,
374635,0,-0.04,0.078,100,0,0,
374665,0,-0.04,0.078,100,0,0,
374665,0,-0.04,0.078,100,0,0,
374665,0,-0.04,0.078,100,0,0,
374695,0,-0.04,0.078,100,0,0,
374695,0,-0.04,0.078,100,0,0,
374695,0,-0.04,0.078,100,0,0,
374725,0,-0.04,0.078,100,0,0,
374725,0,-0.04,0.078,100,0,0,
374725,0,-0.04,0.078,100,0,0,
374755,0,-0.04,0.078,100,0,0,
374755,0,-0.04,0.078,100,0,0,
374755,0,-0.04,0.078,100,0,0,
374785,0,-0.04,0.078,100,0,0,
374785,0,-0.04,0.078,100,0,0,
374785,0,-0.04,0.078,100,0,0,
374815,0,-0.04,0.078,100,0,0,
374815,0,-0.04,0.078,100,0,0,
374815,0,-0.04,0.078,100,0,0,
374845,0,-0.04,0.078,100,0,0,
374845,0,-0.04,0.078,100,0,0,
374845,0,-0.04,0.078,100,0,0,
374875,0,-0.04,0.078,100,0,0,
374875,0,-0.04,0.078,100,0,0,
374875,0,-0.04,0.078,100,0,0,
374905,0,-0.04,0.078,100,0,0,
374905,0,-0.04,0.078,100,0,0,
374905,0,-0.04,0.078,100,0,0,
374935,0,-0.04,0.078,100,0,0,
374935,0,-0.04,0.078,100,0,0,
374935,0,-0.04,0.078,100,0,0,
374965,0,-0.04,0.062,100,0,0,
374965,0,-0.04,0.062,100,0,0,
374965,0,-0.04,0.062,100,0,0,
374995,0,-0.04,0.062,100,0,0,
374995,0,-0.04,0.062,100,0,0,
374995,0,-0.04,0.062,100,0,0,
375025,0,-0.04,0.062,100,0,0,
375025,0,-0.04,0.062,100,0,0,
375025,0,-0.04,0.062,100,0,0,
375055,0,-0.03,0.062,100,0,0,
375055,0,-0.03,0.062,100,0,0,
375055,0,-0.03,0.062,100,0,0,
375085,0,-0.03,0.062,100,0,0,
375085,0,-0.03,0.062,100,0,0,
375085,0,-0.03,0.062,100,0,0,
375115,0,-0.03,0.062,100,0,0,
375115,0,-0.03,0.062,100,0,0,
375115,0,-0.03,0.062,100,0,0,
375145,0,-0.03,0.062,100,0,0,
375145,0,-0.03,0.062,100,0,0,
375145,0,-0.03,0.062,100,0,0,
375175,0,-0.03,0.062,100,0,0,
375175,0,-0.03,0.062,100,0,0,
375175,0,-0.03,0.062,100,0,0,
375205,0,-0.03,0.062,100,0,0,
375205,0,-0.03,0.062,100,0,0,
375205,0,-0.03,0.062,100,0,0,
375235,0,-0.03,0.062,100,0,0,
375235,0,-0.03,0.062,100,0,0,
375235,0,-0.03,0.062,100,0,0,
375265,0,-0.04,0.062,100,0,0,
375265,0,-0.04,0.062,100,0,0,
375265,0,-0.04,0.062,100,0,0,
375295,0,-0.04,0.062,100,0,0,
375295,0,-0.04,0.062,100,0,0,
375295,0,-0.04,0.062,100,0,0,
375325,0,-0.04,0.062,100,0,0,
375325,0,-0.04,0.062,100,0,0,
375325,0,-0.04,0.062,100,0,0,
375355,0,-0.04,0.062,100,0,0,
375355,0,-0.04,0.062,100,0,0,
375355,0,-0.04,0.062,100,0,0,
375385,0,-0.04,0.078,100,0,0,
375385,0,-0.04,0.078,100,0,0,
375385,0,-0.04,0.078,100,0,0,
375415,0,-0.04,0.078,100,0,0,
375415,0,-0.04,0.078,100,0,0,
375415,0,-0.04,0.078,100,0,0,
375445,0,-0.04,0.078,100,0,0,
375445,0,-0.04,0.078,100,0,0,
375445,0,-0.04,0.078,100,0,0,
375475,0,-0.04,0.078,100,0,0,
375475,0,-0.04,0.078,100,0,0,
375475,0,-0.04,0.078,100,0,0,
375505,0,-0.04,0.078,100,0,0,
375505,0,-0.04,0.078,100,0,0,
375505,0,-0.04,0.078,100,0,0,
375535,0,-0.04,0.078,100,0,0,
375535,0,-0.04,0.078,100,0,0,
375535,0,-0.04,0.078,100,0,0,
375565,0,-0.04,0.078,100,0,0,
375565,0,-0.04,0.078,100,0,0,
375565,0,-0.04,0.078,100,0,0,
375595,0,-0.04,0.078,100,0,0,
375595,0,-0.04,0.078,100,0,0,
375595,0,-0.04,0.078,100,0,0,
375625,0,-0.04,0.078,100,0,0,
375625,0,-0.04,0.078,100,0,0,
375625,0,-0.04,0.078,100,0,0,
375655,0,-0.04,0.078,100,0,0,
375655,0,-0.04,0.078,100,0,0,
375655,0,-0.04,0.078,100,0,0,
375685,0,-0.04,0.078,100,0,0,
375685,0,-0.04,0.078,100,0,0,
375685,0,-0.04,0.078,100,0,0,
375715,0,-0.04,0.062,100,0,0,
375715,0,-0.04,0.062,100,0,0,
375715,0,-0.04,0.062,100,0,0,
375745,0,-0.04,0.062,100,0,0,
375745,0,-0.04,0.062,100,0,0,
375745,0,-0.04,0.062,100,0,0,
375775,0,-0.04,0.062,100,0,0,
375775,0,-0.04,0.062,100,0,0,
375775,0,-0.04,0.062,100,0,0,
375805,0,-0.04,0.062,100,0,0,
375805,0,-0.04,0.062,100,0,0,
375805,0,-0.04,0.062,100,0,0,
375835,0,-0.04,0.062,100,0,0,
375835,0,-0.04,0.062,100,0,0,
375835,0,-0.04,0.062,100,0,0,
375865,0,-0.04,0.062,100,0,0,
375865,0,-0.04,0.062,100,0,0,
375865,0,-0.04,0.062,100,0,0,
375895,0,-0.04,0.062,100,0,0,
375895,0,-0.04,0.062,100,0,0,
375895,0,-0.04,0.062,100,0,0,
375925,0,-0.04,0.062,100,0,0,
375925,0,-0.04,0.062,100,0,0,
375925,0,-0.04,0.062,100,0,0,
375955,0,-0.04,0.062,100,0,0,
375955,0,-0.04,0.062,100,0,0,
375955,0,-0.04,0.062,100,0,0,
375985,0,-0.04,0.062,100,0,0,
375985,0,-0.04,0.062,100,0,0,
375985,0,-0.04,0.062,100,0,0,
376015,0,-0.04,0.062,100,0,0,
376015,0,-0.04,0.062,100,0,0,
376015,0,-0.04,0.062,100,0,0,
376045,0,-0.04,0.062,100,0,0,
376045,0,-0.04,0.062,100,0,0,
376045,0,-0.04,0.062,100,0,0,
376075,0,-0.04,0.078,100,0,0,
376075,0,-0.04,0.078,100,0,0,
376075,0,-0.04,0.078,100,0,0,
376105,0,-0.04,0.078,100,0,0,
376105,0,-0.04,0.078,100,0,0,
376105,0,-0.04,0.078,100,0,0,
376135,0,-0.04,0.078,100,0,0,
376135,0,-0.04,0.078,100,0,0,
376135,0,-0.04,0.078,100,0,0,
376165,0,-0.04,0.078,100,0,0,
376165,0,-0.04,0.078,100,0,0,
376165,0,-0.04,0.078,100,0,0,
376195,0,-0.04,0.078,100,0,0,
376195,0,-0.04,0.078,100,0,0,
376195,0,-0.04,0.078,100,0,0,
376225,0,-0.04,0.078,100,0,0,
376225,0,-0.04,0.078,100,0,0,
376225,0,-0.04,0.078,100,0,0,
376255,0,-0.04,0.078,100,0,0,
376255,0,-0.04,0.078,100,0,0,
376255,0,-0.04,0.078,100,0,0,
376285,0,-0.04,0.078,100,0,0,
376285,0,-0.04,0.078,100,0,0,
376285,0,-0.04,0.078,100,0,0,
376315,0,-0.04,0.062,100,0,0,
376315,0,-0.04,0.062,100,0,0,
376315,0,-0.04,0.062,100,0,0,
376345,0,-0.04,0.062,100,0,0,
376345,0,-0.04,0.062,100,0,0,
376345,0,-0.04,0.062,100,0,0,
376375,0,-0.04,0.062,100,0,0,
376375,0,-0.04,0.062,100,0,0,
376375,0,-0.04,0.062,100,0,0,
376405,0,-0.04,0.062,100,0,0,
376405,0,-0.04,0.062,100,0,0,
376405,0,-0.04,0.062,100,0,0,
376435,0,-0.04,0.062,100,0,0,
376435,0,-0.04,0.062,100,0,0,
376435,0,-0.04,0.062,100,0,0,
376465,0,-0.04,0.062,100,0,0,
376465,0,-0.04,0.062,100,0,0,
376465,0,-0.04,0.062,100,0,0,
376495,0,-0.04,0.062,100,0,0,
376495,0,-0.04,0.062,100,0,0,
376495,0,-0.04,0.062,100,0,0,
376525,0,-0.04,0.062,100,0,0,
376525,0,-0.04,0.062,100,0,0,
376525,0,-0.04,0.062,100,0,0,
376555,0,-0.04,0.062,100,0,0,
376555,0,-0.04,0.062,100,0,0,
376555,0,-0.04,0.062,100,0,0,
376585,0,-0.04,0.062,100,0,0,
376585,0,-0.04,0.062,100,0,0,
376585,0,-0.04,0.062,100,0,0,
376615,0,-0.04,0.062,100,0,0,
376615,0,-0.04,0.062,100,0,0,
376615,0,-0.04,0.062,100,0,0,
376645,0,-0.04,0.062,100,0,0,
376645,0,-0.04,0.062,100,0,0,
376645,0,-0.04,0.062,100,0,0,
376675,0,-0.04,0.078,100,0,0,
376675,0,-0.04,0.078,100,0,0,
376675,0,-0.04,0.078,100,0,0,
376705,0,-0.04,0.078,100,0,0,
376705,0,-0.04,0.078,100,0,0,
376705,0,-0.04,0.078,100,0,0,
376735,0,-0.04,0.078,100,0,0,
376735,0,-0.04,0.078,100,0,0,
376735,0,-0.04,0.078,100,0,0,
376765,0,-0.04,0.078,100,0,0,
376765,0,-0.04,0.078,100,0,0,
376765,0,-0.04,0.078,100,0,0,
376795,0,-0.04,0.078,100,0,0,
376795,0,-0.04,0.078,100,0,0,
376795,0,-0.04,0.078,100,0,0,
376825,0,-0.04,0.078,100,0,0,
376825,0,-0.04,0.078,100,0,0,
376825,0,-0.04,0.078,100,0,0,
376855,0,-0.04,0.062,100,0,0,
376855,0,-0.04,0.062,100,0,0,
376855,0,-0.04,0.062,100,0,0,
376885,0,-0.04,0.062,100,0,0,
376885,0,-0.04,0.062,100,0,0,
376885,0,-0.04,0.062,100,0,0,
376915,0,-0.04,0.062,100,0,0,
376915,0,-0.04,0.062,100,0,0,
376915,0,-0.04,0.062,100,0,0,
376945,0,-0.04,0.062,100,0,0,
376945,0,-0.04,0.062,100,0,0,
376945,0,-0.04,0.062,100,0,0,
376975,0,-0.04,0.062,100,0,0,
376975,0,-0.04,0.062,100,0,0,
376975,0,-0.04,0.062,100,0,0,
377005,0,-0.04,0.062,100,0,0,
377005,0,-0.04,0.062,100,0,0,
377005,0,-0.04,0.062,100,0,0,
377035,0,-0.04,0.062,100,0,0,
377035,0,-0.04,0.062,100,0,0,
377035,0,-0.04,0.062,100,0,0,
377065,0,-0.04,0.062,100,0,0,
377065,0,-0.04,0.062,100,0,0,
377065,0,-0.04,0.062,100,0,0,
377095,0,-0.04,0.062,100,0,0,
377095,0,-0.04,0.062,100,0,0,
377095,0,-0.04,0.062,100,0,0,
377125,0,-0.04,0.062,100,0,0,
377125,0,-0.04,0.062,100,0,0,
377125,0,-0.04,0.062,100,0,0,
377155,0,-0.04,0.062,100,0,0,
377155,0,-0.04,0.062,100,0,0,
377155,0,-0.04,0.062,100,0,0,
377185,0,-0.04,0.078,100,0,0,
377185,0,-0.04,0.078,100,0,0,
377185,0,-0.04,0.078,100,0,0,
377215,0,-0.04,0.078,100,0,0,
377215,0,-0.04,0.078,100,0,0,
377215,0,-0.04,0.078,100,0,0,
377245,0,-0.04,0.078,100,0,0,
377245,0,-0.04,0.078,100,0,0,
377245,0,-0.04,0.078,100,0,0,
377275,0,-0.04,0.078,100,0,0,
377275,0,-0.04,0.078,100,0,0,
377275,0,-0.04,0.078,100,0,0,
377305,0,-0.04,0.078,100,0,0,
377305,0,-0.04,0.078,100,0,0,
377305,0,-0.04,0.078,100,0,0,
377335,0,-0.04,0.078,100,0,0,
377335,0,-0.04,0.078,100,0,0,
377335,0,-0.04,0.078,100,0,0,
377365,0,-0.04,0.078,100,0,0,
377365,0,-0.04,0.078,100,0,0,
377365,0,-0.04,0.078,100,0,0,
377395,0,-0.04,0.062,100,0,0,
377395,0,-0.04,0.062,100,0,0,
377395,0,-0.04,0.062,100,0,0,
377425,0,-0.04,0.062,100,0,0,
377425,0,-0.04,0.062,100,0,0,
377425,0,-0.04,0.062,100,0,0,
377455,0,-0.04,0.062,100,0,0,
377455,0,-0.04,0.062,100,0,0,
377455,0,-0.04,0.062,100,0,0,
377485,0,-0.04,0.062,100,0,0,
377485,0,-0.04,0.062,100,0,0,
377485,0,-0.04,0.062,100,0,0,
377515,0,-0.04,0.062,100,0,0,
377515,0,-0.04,0.062,100,0,0,
377515,0,-0.04,0.062,100,0,0,
377545,0,-0.04,0.062,100,0,0,
377545,0,-0.04,0.062,100,0,0,
377545,0,-0.04,0.062,100,0,0,
377575,0,-0.04,0.062,100,0,0,
377575,0,-0.04,0.062,100,0,0,
377575,0,-0.04,0.062,100,0,0,
377605,0,-0.04,0.062,100,0,0,
377605,0,-0.04,0.062,100,0,0,
377605,0,-0.04,0.062,100,0,0,
377635,0,-0.04,0.062,100,0,0,
377635,0,-0.04,0.062,100,0,0,
377635,0,-0.04,0.062,100,0,0,
377665,0,-0.04,0.062,100,0,0,
377665,0,-0.04,0.062,100,0,0,
377665,0,-0.04,0.062,100,0,0,
377695,0,-0.04,0.078,100,0,0,
377695,0,-0.04,0.078,100,0,0,
377695,0,-0.04,0.078,100,0,0,
377725,0,-0.04,0.078,100,0,0,
377725,0,-0.04,0.078,100,0,0,
377725,0,-0.04,0.078,100,0,0,
377755,0,-0.04,0.078,100,0,0,
377755,0,-0.04,0.078,100,0,0,
377755,0,-0.04,0.078,100,0,0,
377785,0,-0.04,0.078,100,0,0,
377785,0,-0.04,0.078,100,0,0,
377785,0,-0.04,0.078,100,0,0,
377815,0,-0.04,0.078,100,0,0,
377815,0,-0.04,0.078,100,0,0,
377815,0,-0.04,0.078,100,0,0,
377845,0,-0.04,0.078,100,0,0,
377845,0,-0.04,0.078,100,0,0,
377845,0,-0.04,0.078,100,0,0,
377875,0,-0.04,0.078,100,0,0,
377875,0,-0.04,0.078,100,0,0,
377875,0,-0.04,0.078,100,0,0,
377905,0,-0.04,0.078,100,0,0,
377905,0,-0.04,0.078,100,0,0,
377905,0,-0.04,0.078,100,0,0,
377935,0,-0.04,0.078,100,0,0,
377935,0,-0.04,0.078,100,0,0,
377935,0,-0.04,0.078,100,0,0,
377965,0,-0.04,0.062,100,0,0,
377965,0,-0.04,0.062,100,0,0,
377965,0,-0.04,0.062,100,0,0,
377995,0,-0.04,0.062,100,0,0,
377995,0,-0.04,0.062,100,0,0,
377995,0,-0.04,0.062,100,0,0,
378025,0,-0.04,0.062,100,0,0,
378025,0,-0.04,0.062,100,0,0,
378025,0,-0.04,0.062,100,0,0,
378055,0,-0.04,0.062,100,0,0,
378055,0,-0.04,0.062,100,0,0,
378055,0,-0.04,0.062,100,0,0,
378085,0,-0.04,0.062,100,0,0,
378085,0,-0.04,0.062,100,0,0,
378085,0,-0.04,0.062,100,0,0,
378115,0,-0.04,0.062,100,0,0,
378115,0,-0.04,0.062,100,0,0,
378115,0,-0.04,0.062,100,0,0,
378145,0,-0.04,0.062,100,0,0,
378145,0,-0.04,0.062,100,0,0,
378145,0,-0.04,0.062,100,0,0,
378175,0,-0.04,0.062,100,0,0,
378175,0,-0.04,0.062,100,0,0,
378175,0,-0.04,0.062,100,0,0,
378205,0,-0.04,0.062,100,0,0,
378205,0,-0.04,0.062,100,0,0,
378205,0,-0.04,0.062,100,0,0,
378235,0,-0.04,0.078,100,0,0,
378235,0,-0.04,0.078,100,0,0,
378235,0,-0.04,0.078,100,0,0,
378265,0,-0.04,0.078,100,0,0,
378265,0,-0.04,0.078,100,0,0,
378265,0,-0.04,0.078,100,0,0,
378295,0,-0.04,0.078,100,0,0,
378295,0,-0.04,0.078,100,0,0,
378295,0,-0.04,0.078,100,0,0,
378325,0,-0.04,0.078,100,0,0,
378325,0,-0.04,0.078,100,0,0,
378325,0,-0.04,0.078,100,0,0,
378355,0,-0.04,0.078,100,0,0,
378355,0,-0.04,0.078,100,0,0,
378355,0,-0.04,0.078,100,0,0,
378385,0,-0.04,0.078,100,0,0,
378385,0,-0.04,0.078,100,0,0,
378385,0,-0.04,0.078,100,0,0,
378415,0,-0.04,0.078,100,0,0,
378415,0,-0.04,0.078,100,0,0,
378415,0,-0.04,0.078,100,0,0,
378445,0,-0.04,0.078,100,0,0,
378445,0,-0.04,0.078,100,0,0,
378445,0,-0.04,0.078,100,0,0,
378475,0,-0.04,0.078,100,0,0,
378475,0,-0.04,0.078,100,0,0,
378475,0,-0.04,0.078,100,0,0,
378505,0,-0.04,0.078,100,0,0,
378505,0,-0.04,0.078,100,0,0,
378505,0,-0.04,0.078,100,0,0,
378535,0,-0.04,0.078,100,0,0,
378535,0,-0.04,0.078,100,0,0,
378535,0,-0.04,0.078,100,0,0,
378565,0,-0.04,0.062,100,0,0,
378565,0,-0.04,0.062,100,0,0,
378565,0,-0.04,0.062,100,0,0,
378595,0,-0.04,0.062,100,0,0,
378595,0,-0.04,0.062,100,0,0,
378595,0,-0.04,0.062,100,0,0,
378625,0,-0.04,0.062,100,0,0,
378625,0,-0.04,0.062,100,0,0,
378625,0,-0.04,0.062,100,0,0,
378655,0,-0.04,0.062,100,0,0,
378655,0,-0.04,0.062,100,0,0,
378655,0,-0.04,0.062,100,0,0,
378685,0,-0.04,0.062,100,0,0,
378685,0,-0.04,0.062,100,0,0,
378685,0,-0.04,0.062,100,0,0,
378715,0,-0.04,0.062,100,0,0,
378715,0,-0.04,0.062,100,0,0,
378715,0,-0.04,0.062,100,0,0,
378745,0,-0.04,0.062,100,0,0,
378745,0,-0.04,0.062,100,0,0,
378745,0,-0.04,0.062,100,0,0,
378775,0,-0.04,0.062,100,0,0,
378775,0,-0.04,0.062,100,0,0,
378775,0,-0.04,0.062,100,0,0,
378805,0,-0.04,0.078,100,0,0,
378805,0,-0.04,0.078,100,0,0,
378805,0,-0.04,0.078,100,0,0,
378835,0,-0.04,0.078,100,0,0,
378835,0,-0.04,0.078,100,0,0,
378835,0,-0.04,0.078,100,0,0,
378865,0,-0.04,0.078,100,0,0,
378865,0,-0.04,0.078,100,0,0,
378865,0,-0.04,0.078,100,0,0,
378895,0,-0.04,0.078,100,0,0,
378895,0,-0.04,0.078,100,0,0,
378895,0,-0.04,0.078,100,0,0,
378925,0,-0.04,0.078,100,0,0,
378925,0,-0.04,0.078,100,0,0,
378925,0,-0.04,0.078,100,0,0,
378955,0,-0.04,0.078,100,0,0,
378955,0,-0.04,0.078,100,0,0,
378955,0,-0.04,0.078,100,0,0,
378985,0,-0.04,0.078,100,0,0,
378985,0,-0.04,0.078,100,0,0,
378985,0,-0.04,0.078,100,0,0,
379015,0,-0.04,0.078,100,0,0,
379015,0,-0.04,0.078,100,0,0,
379015,0,-0.04,0.078,100,0,0,
379045,0,-0.04,0.078,100,0,0,
379045,0,-0.04,0.078,100,0,0,
379045,0,-0.04,0.078,100,0,0,
379075,0,-0.04,0.078,100,0,0,
379075,0,-0.04,0.078,100,0,0,
379075,0,-0.04,0.078,100,0,0,
379105,0,-0.04,0.078,100,0,0,
379105,0,-0.04,0.078,100,0,0,
379105,0,-0.04,0.078,100,0,0,
379135,0,-0.04,0.062,100,0,0,
379135,0,-0.04,0.062,100,0,0,
379135,0,-0.04,0.062,100,0,0,
379165,0,-0.04,0.062,100,0,0,
379165,0,-0.04,0.062,100,0,0,
379165,0,-0.04,0.062,100,0,0,
379195,0,-0.04,0.062,100,0,0,
379195,0,-0.04,0.062,100,0,0,
379195,0,-0.04,0.062,100,0,0,
379225,0,-0.04,0.062,100,0,0,
379225,0,-0.04,0.062,100,0,0,
379225,0,-0.04,0.062,100,0,0,
379255,0,-0.04,0.062,100,0,0,
379255,0,-0.04,0.062,100,0,0,
379255,0,-0.04,0.062,100,0,0,
379285,0,-0.04,0.062,100,0,0,
379285,0,-0.04,0.062,100,0,0,
379285,0,-0.04,0.062,100,0,0,
379315,0,-0.04,0.062,100,0,0,
379315,0,-0.04,0.062,100,0,0,
379315,0,-0.04,0.062,100,0,0,
379345,0,-0.04,0.078,100,0,0,
379345,0,-0.04,0.078,100,0,0,
379345,0,-0.04,0.078,100,0,0,
379375,0,-0.04,0.078,100,0,0,
379375,0,-0.04,0.078,100,0,0,
379375,0,-0.04,0.078,100,0,0,
379405,0,-0.04,0.078,100,0,0,
379405,0,-0.04,0.078,100,0,0,
379405,0,-0.04,0.078,100,0,0,
379435,0,-0.04,0.078,100,0,0,
379435,0,-0.04,0.078,100,0,0,
379435,0,-0.04,0.078,100,0,0,
379465,0,-0.04,0.078,100,0,0,
379465,0,-0.04,0.078,100,0,0,
379465,0,-0.04,0.078,100,0,0,
379495,0,-0.04,0.078,100,0,0,
379495,0,-0.04,0.078,100,0,0,
379495,0,-0.04,0.078,100,0,0,
379525,0,-0.04,0.078,100,0,0,
379525,0,-0.04,0.078,100,0,0,
379525,0,-0.04,0.078,100,0,0,
379555,0,-0.04,0.078,100,0,0,
379555,0,-0.04,0.078,100,0,0,
379555,0,-0.04,0.078,100,0,0,
379585,0,-0.04,0.078,100,0,0,
379585,0,-0.04,0.078,100,0,0,
379585,0,-0.04,0.078,100,0,0,
379615,0,-0.04,0.078,100,0,0,
379615,0,-0.04,0.078,100,0,0,
379615,0,-0.04,0.078,100,0,0,
379645,0,-0.04,0.078,100,0,0,
379645,0,-0.04,0.078,100,0,0,
379645,0,-0.04,0.078,100,0,0,
379675,0,-0.04,0.062,100,0,0,
379675,0,-0.04,0.062,100,0,0,
379675,0,-0.04,0.062,100,0,0,
379705,0,-0.04,0.062,100,0,0,
379705,0,-0.04,0.062,100,0,0,
379705,0,-0.04,0.062,100,0,0,
379735,0,-0.04,0.062,100,0,0,
379735,0,-0.04,0.062,100,0,0,
379735,0,-0.04,0.062,100,0,0,
379765,0,-0.04,0.062,100,0,0,
379765,0,-0.04,0.062,100,0,0,
379765,0,-0.04,0.062,100,0,0,
379795,0,-0.04,0.062,100,0,0,
379795,0,-0.04,0.062,100,0,0,
379795,0,-0.04,0.062,100,0,0,
379825,0,-0.04,0.062,100,0,0,
379825,0,-0.04,0.062,100,0,0,
379825,0,-0.04,0.062,100,0,0,
379855,0,-0.04,0.078,100,0,0,
379855,0,-0.04,0.078,100,0,0,
379855,0,-0.04,0.078,100,0,0,
379885,0,-0.04,0.078,100,0,0,
379885,0,-0.04,0.078,100,0,0,
379885,0,-0.04,0.078,100,0,0,
379915,0,-0.04,0.078,100,0,0,
379915,0,-0.04,0.078,100,0,0,
379915,0,-0.04,0.078,100,0,0,
379945,0,-0.04,0.078,100,0,0,
379945,0,-0.04,0.078,100,0,0,
379945,0,-0.04,0.078,100,0,0,
379975,0,-0.04,0.078,100,0,0,
379975,0,-0.04,0.078,100,0,0,
379975,0,-0.04,0.078,100,0,0,
380005,0,-0.04,0.078,100,0,0,
380005,0,-0.04,0.078,100,0,0,
380005,0,-0.04,0.078,100,0,0,
380035,0,-0.04,0.078,100,0,0,
380035,0,-0.04,0.078,100,0,0,
380035,0,-0.04,0.078,100,0,0,
380065,0,-0.04,0.078,100,0,0,
380065,0,-0.04,0.078,100,0,0,
380065,0,-0.04,0.078,100,0,0,
380095,0,-0.04,0.078,100,0,0,
380095,0,-0.04,0.078,100,0,0,
380095,0,-0.04,0.078,100,0,0,
380125,0,-0.04,0.078,100,0,0,
380125,0,-0.04,0.078,100,0,0,
380125,0,-0.04,0.078,100,0,0,
380155,0,-0.04,0.078,100,0,0,
380155,0,-0.04,0.078,100,0,0,
380155,0,-0.04,0.078,100,0,0,
380185,0,-0.04,0.078,100,0,0,
380185,0,-0.04,0.078,100,0,0,
380185,0,-0.04,0.078,100,0,0,
380215,0,-0.04,0.078,100,0,0,
380215,0,-0.04,0.078,100,0,0,
380215,0,-0.04,0.078,100,0,0,
380245,0,-0.04,0.062,100,0,0,
380245,0,-0.04,0.062,100,0,0,
380245,0,-0.04,0.062,100,0,0,
380275,0,-0.04,0.062,100,0,0,
380275,0,-0.04,0.062,100,0,0,
380275,0,-0.04,0.062,100,0,0,
380305,0,-0.04,0.062,100,0,0,
380305,0,-0.04,0.062,100,0,0,
380305,0,-0.04,0.062,100,0,0,
380335,0,-0.04,0.062,100,0,0,
380335,0,-0.04,0.062,100,0,0,
380335,0,-0.04,0.062,100,0,0,
380365,0,-0.04,0.062,100,0,0,
380365,0,-0.04,0.062,100,0,0,
380365,0,-0.04,0.062,100,0,0,
380395,0,-0.04,0.078,100,0,0,
380395,0,-0.04,0.078,100,0,0,
380395,0,-0.04,0.078,100,0,0,
380425,0,-0.04,0.078,100,0,0,
380425,0,-0.04,0.078,100,0,0,
380425,0,-0.04,0.078,100,0,0,
380455,0,-0.04,0.078,100,0,0,
380455,0,-0.04,0.078,100,0,0,
380455,0,-0.04,0.078,100,0,0,
380485,0,-0.04,0.078,100,0,0,
380485,0,-0.04,0.078,100,0,0,
380485,0,-0.04,0.078,100,0,0,
380515,0,-0.04,0.078,100,0,0,
380515,0,-0.04,0.078,100,0,0,
380515,0,-0.04,0.078,100,0,0,
380545,0,-0.04,0.078,100,0,0,
380545,0,-0.04,0.078,100,0,0,
380545,0,-0.04,0.078,100,0,0,
380575,0,-0.04,0.078,100,0,0,
380575,0,-0.04,0.078,100,0,0,
380575,0,-0.04,0.078,100,0,0,
380605,0,-0.04,0.078,100,0,0,
380605,0,-0.04,0.078,100,0,0,
380605,0,-0.04,0.078,100,0,0,
380635,0,-0.04,0.078,100,0,0,
380635,0,-0.04,0.078,100,0,0,
380635,0,-0.04,0.078,100,0,0,
380665,0,-0.04,0.078,100,0,0,
380665,0,-0.04,0.078,100,0,0,
380665,0,-0.04,0.078,100,0,0,
380695,0,-0.04,0.078,100,0,0,
380695,0,-0.04,0.078,100,0,0,
380695,0,-0.04,0.078,100,0,0,
380725,0,-0.04,0.078,100,0,0,
380725,0,-0.04,0.078,100,0,0,
380725,0,-0.04,0.078,100,0,0,
380755,0,-0.04,0.078,100,0,0,
380755,0,-0.04,0.078,100,0,0,
380755,0,-0.04,0.078,100,0,0,
380785,0,-0.04,0.078,100,0,0,
380785,0,-0.04,0.078,100,0,0,
380785,0,-0.04,0.078,100,0,0,
380815,0,-0.04,0.062,100,0,0,
380815,0,-0.04,0.062,100,0,0,
380815,0,-0.04,0.062,100,0,0,
380845,0,-0.04,0.062,100,0,0,
380845,0,-0.04,0.062,100,0,0,
380845,0,-0.04,0.062,100,0,0,
380875,0,-0.04,0.062,100,0,0,
380875,0,-0.04,0.062,100,0,0,
380875,0,-0.04,0.062,100,0,0,
380905,0,-0.04,0.062,100,0,0,
380905,0,-0.04,0.062,100,0,0,
380905,0,-0.04,0.062,100,0,0,
380935,0,-0.04,0.078,100,0,0,
380935,0,-0.04,0.078,100,0,0,
380935,0,-0.04,0.078,100,0,0,
380965,0,-0.04,0.078,100,0,0,
380965,0,-0.04,0.078,100,0,0,
380965,0,-0.04,0.078,100,0,0,
380995,0,-0.04,0.078,100,0,0,
380995,0,-0.04,0.078,100,0,0,
380995,0,-0.04,0.078,100,0,0,
381025,0,-0.04,0.078,100,0,0,
381025,0,-0.04,0.078,100,0,0,
381025,0,-0.04,0.078,100,0,0,
381055,0,-0.04,0.078,100,0,0,
381055,0,-0.04,0.078,100,0,0,
381055,0,-0.04,0.078,100,0,0,
381085,0,-0.04,0.078,100,0,0,
381085,0,-0.04,0.078,100,0,0,
381085,0,-0.04,0.078,100,0,0,
381115,0,-0.04,0.078,100,0,0,
381115,0,-0.04,0.078,100,0,0,
381115,0,-0.04,0.078,100,0,0,
381145,0,-0.04,0.078,100,0,0,
381145,0,-0.04,0.078,100,0,0,
381145,0,-0.04,0.078,100,0,0,
381175,0,-0.04,0.078,100,0,0,
381175,0,-0.04,0.078,100,0,0,
381175,0,-0.04,0.078,100,0,0,
381205,0,-0.04,0.078,100,0,0,
381205,0,-0.04,0.078,100,0,0,
381205,0,-0.04,0.078,100,0,0,
381235,0,-0.04,0.078,100,0,0,
381235,0,-0.04,0.078,100,0,0,
381235,0,-0.04,0.078,100,0,0,
381265,0,-0.04,0.078,100,0,0,
381265,0,-0.04,0.078,100,0,0,
381265,0,-0.04,0.078,100,0,0,
381295,0,-0.04,0.078,100,0,0,
381295,0,-0.04,0.078,100,0,0,
381295,0,-0.04,0.078,100,0,0,
381325,0,-0.04,0.078,100,0,0,
381325,0,-0.04,0.078,100,0,0,
381325,0,-0.04,0.078,100,0,0,
381355,0,-0.04,0.078,100,0,0,
381355,0,-0.04,0.078,100,0,0,
381355,0,-0.04,0.078,100,0,0,
381385,0,-0.04,0.078,100,0,0,
381385,0,-0.04,0.078,100,0,0,
381385,0,-0.04,0.078,100,0,0,
381415,0,-0.04,0.062,100,0,0,
381415,0,-0.04,0.062,100,0,0,
381415,0,-0.04,0.062,100,0,0,
381445,0,-0.04,0.062,100,0,0,
381445,0,-0.04,0.062,100,0,0,
381445,0,-0.04,0.062,100,0,0,
381475,0,-0.04,0.062,100,0,0,
381475,0,-0.04,0.062,100,0,0,
381475,0,-0.04,0.062,100,0,0,
381505,0,-0.04,0.062,100,0,0,
381505,0,-0.04,0.062,100,0,0,
381505,0,-0.04,0.062,100,0,0,
381535,0,-0.04,0.078,100,0,0,
381535,0,-0.04,0.078,100,0,0,
381535,0,-0.04,0.078,100,0,0,
381565,0,-0.04,0.078,100,0,0,
381565,0,-0.04,0.078,100,0,0,
381565,0,-0.04,0.078,100,0,0,
381595,0,-0.04,0.078,100,0,0,
381595,0,-0.04,0.078,100,0,0,
381595,0,-0.04,0.078,100,0,0,
381625,0,-0.04,0.078,100,0,0,
381625,0,-0.04,0.078,100,0,0,
381625,0,-0.04,0.078,100,0,0,
381655,0,-0.04,0.078,100,0,0,
381655,0,-0.04,0.078,100,0,0,
381655,0,-0.04,0.078,100,0,0,
381685,0,-0.04,0.078,100,0,0,
381685,0,-0.04,0.078,100,0,0,
381685,0,-0.04,0.078,100,0,0,
381715,0,-0.04,0.078,100,0,0,
381715,0,-0.04,0.078,100,0,0,
381715,0,-0.04,0.078,100,0,0,
381745,0,-0.04,0.078,100,0,0,
381745,0,-0.04,0.078,100,0,0,
381745,0,-0.04,0.078,100,0,0,
381775,0,-0.04,0.078,100,0,0,
381775,0,-0.04,0.078,100,0,0,
381775,0,-0.04,0.078,100,0,0,
381805,0,-0.04,0.078,100,0,0,
381805,0,-0.04,0.078,100,0,0,
381805,0,-0.04,0.078,100,0,0,
381835,0,-0.04,0.078,100,0,0,
381835,0,-0.04,0.078,100,0,0,
381835,0,-0.04,0.078,100,0,0,
381865,0,-0.04,0.078,100,0,0,
381865,0,-0.04,0.078,100,0,0,
381865,0,-0.04,0.078,100,0,0,
381895,0,-0.04,0.078,100,0,0,
381895,0,-0.04,0.078,100,0,0,
381895,0,-0.04,0.078,100,0,0,
381925,0,-0.04,0.078,100,0,0,
381925,0,-0.04,0.078,100,0,0,
381925,0,-0.04,0.078,100,0,0,
381955,0,-0.04,0.078,100,0,0,
381955,0,-0.04,0.078,100,0,0,
381955,0,-0.04,0.078,100,0,0,
381985,0,-0.04,0.062,100,0,0,
381985,0,-0.04,0.062,100,0,0,
381985,0,-0.04,0.062,100,0,0,
382015,0,-0.04,0.062,100,0,0,
382015,0,-0.04,0.062,100,0,0,
382015,0,-0.04,0.062,100,0,0,
382045,0,-0.04,0.062,100,0,0,
382045,0,-0.04,0.062,100,0,0,
382045,0,-0.04,0.062,100,0,0,
382075,0,-0.04,0.078,100,0,0,
382075,0,-0.04,0.078,100,0,0,
382075,0,-0.04,0.078,100,0,0,
382105,0,-0.04,0.078,100,0,0,
382105,0,-0.04,0.078,100,0,0,
382105,0,-0.04,0.078,100,0,0,
382135,0,-0.04,0.078,100,0,0,
382135,0,-0.04,0.078,100,0,0,
382135,0,-0.04,0.078,100,0,0,
382165,0,-0.04,0.078,100,0,0,
382165,0,-0.04,0.078,100,0,0,
382165,0,-0.04,0.078,100,0,0,
382195,0,-0.04,0.078,100,0,0,
382195,0,-0.04,0.078,100,0,0,
382195,0,-0.04,0.078,100,0,0,
382225,0,-0.04,0.078,100,0,0,
382225,0,-0.04,0.078,100,0,0,
382225,0,-0.04,0.078,100,0,0,
382255,0,-0.04,0.078,100,0,0,
382255,0,-0.04,0.078,100,0,0,
382255,0,-0.04,0.078,100,0,0,
382285,0,-0.04,0.078,100,0,0,
382285,0,-0.04,0.078,100,0,0,
382285,0,-0.04,0.078,100,0,0,
382315,0,-0.04,0.078,100,0,0,
382315,0,-0.04,0.078,100,0,0,
382315,0,-0.04,0.078,100,0,0,
382345,0,-0.04,0.078,100,0,0,
382345,0,-0.04,0.078,100,0,0,
382345,0,-0.04,0.078,100,0,0,
382375,0,-0.04,0.078,100,0,0,
382375,0,-0.04,0.078,100,0,0,
382375,0,-0.04,0.078,100,0,0,
382405,0,-0.04,0.078,100,0,0,
382405,0,-0.04,0.078,100,0,0,
382405,0,-0.04,0.078,100,0,0,
382435,0,-0.04,0.078,100,0,0,
382435,0,-0.04,0.078,100,0,0,
382435,0,-0.04,0.078,100,0,0,
382465,0,-0.04,0.078,100,0,0,
382465,0,-0.04,0.078,100,0,0,
382465,0,-0.04,0.078,100,0,0,
382495,0,-0.04,0.078,100,0,0,
382495,0,-0.04,0.078,100,0,0,
382495,0,-0.04,0.078,100,0,0,
382525,0,-0.04,0.078,100,0,0,
382525,0,-0.04,0.078,100,0,0,
382525,0,-0.04,0.078,100,0,0,
382555,0,-0.04,0.078,100,0,0,
382555,0,-0.04,0.078,100,0,0,
382555,0,-0.04,0.078,100,0,0,
382585,0,-0.04,0.078,100,0,0,
382585,0,-0.04,0.078,100,0,0,
382585,0,-0.04,0.078,100,0,0,
382615,0,-0.04,0.078,100,0,0,
382615,0,-0.04,0.078,100,0,0,
382615,0,-0.04,0.078,100,0,0,
382645,0,-0.04,0.062,100,0,0,
382645,0,-0.04,0.062,100,0,0,
382645,0,-0.04,0.062,100,0,0,
382675,0,-0.04,0.062,100,0,0,
